feature,method,pooled_n,pooled_correlation,participant_count,participant_mean,participant_median,participant_iqr,participant_min,participant_max
history_window_count,pearson,22038,-0.0015419057676566816,12,-0.006183833822271408,-0.00867270073957964,0.014021294592998723,-0.039430591151611565,0.01613640864093087
history_window_count,spearman,22038,-0.0071647801949865685,12,-0.0026601872107975652,-0.00675268163324437,0.01681842334599375,-0.05634914811887208,0.04654933244521698
history_mean_mean,pearson,22038,0.009557614884849769,16,0.008788700109160857,0.013247922418630341,0.04132751903195561,-0.03667612476854518,0.0415940461365668
history_mean_mean,spearman,22038,0.007790033741219113,16,0.003863137658475825,0.003975126851154277,0.026974273507615186,-0.04308526085580702,0.049205769569238146
history_mean_std,pearson,22038,0.004442948223526113,16,0.008665266257275988,0.021460335357931525,0.06128976923268029,-0.17372851240974463,0.1552610308351534
history_mean_std,spearman,22038,0.005085255286629724,16,-0.009527349426103338,0.010786264056855267,0.05245057790313536,-0.2012546912520506,0.11385078846874903
history_mean_min,pearson,22038,-0.006466514093823255,16,-0.01036091299879804,-0.016211899261996218,0.07390743243363204,-0.19153549745829507,0.175843502939506
history_mean_min,spearman,22038,2.3162658855008785e-05,16,0.007491705970310819,-0.005009046545292197,0.045294381900113964,-0.11615354382215125,0.18907071638910622
history_mean_max,pearson,22038,0.008070934016301353,16,0.011642509231498125,0.02198691205478029,0.046412797664832355,-0.1311368526648388,0.1267980304599214
history_mean_max,spearman,22038,0.002294356931109352,16,-0.007960905707360305,0.008880702032674584,0.04901379176037609,-0.17181846227843467,0.09946158645924458
history_mean_last,pearson,22038,0.002326923363748547,16,-0.0011122573993090877,0.00635902788442038,0.0462807258459154,-0.054691620352488736,0.03535969531440906
history_mean_last,spearman,22038,-0.0013584901972784338,16,-0.004522218040006999,0.006415985336801064,0.03968937856135482,-0.0678858083631945,0.05018450249875095
history_std_mean,pearson,22038,0.00011329915294158587,16,-0.008477983640827285,0.012335751602391249,0.08008132428551146,-0.22485237808387543,0.11518566285671376
history_std_mean,spearman,22038,0.00403350621827452,16,-0.014415401324939486,0.0028733862627819446,0.0799271782106786,-0.22653792366721553,0.093334584779978
history_std_std,pearson,22038,0.007802863875930572,16,0.0018584506174716565,0.016387343726024826,0.0639336168873865,-0.1596610605418218,0.11466476906644461
history_std_std,spearman,22038,-0.009386104161992806,16,-0.022037982676341716,0.006873853776172016,0.09212311913631188,-0.19737802520328915,0.14933187667528616
history_std_min,pearson,22038,-0.007590563133186608,16,-0.01489745818034087,-0.004880157708176476,0.06885774360058838,-0.12035010230845905,0.034573542400762936
history_std_min,spearman,22038,0.0046684217835880415,16,-0.002366155852601536,-0.007595599546476002,0.07863050853759837,-0.10437245227775839,0.0752101258831509
history_std_max,pearson,22038,-0.0029864202931736508,16,-0.008981826302360742,0.002864412064469323,0.04498023952998995,-0.1688802698605331,0.07857464529598979
history_std_max,spearman,22038,-0.008576968914846978,16,-0.023297974582979497,-0.01482851463702938,0.08864444770680437,-0.1854576289776982,0.14302535177982936
history_std_last,pearson,22038,0.030203539974158384,16,0.027521007176434974,0.03089433143509293,0.08243460883402456,-0.05318633919095527,0.08984447597828574
history_std_last,spearman,22038,0.026295785193180113,16,0.0244935730478543,0.02694007558069001,0.0751118202046728,-0.04283312069485674,0.09515064742265013
history_min_mean,pearson,22038,-0.0024192601524666334,16,0.0014790977666099782,-0.019889556087904346,0.07306280440035318,-0.1250622267452674,0.20285456784956893
history_min_mean,spearman,22038,0.002234051877206706,16,0.016664642098075836,-0.008158731348278991,0.07144105681863103,-0.12643455747183935,0.24512628083167512
history_min_std,pearson,22038,0.007683514574836875,16,0.0014905694982833024,0.014135169282162786,0.06390408832919067,-0.1315036376412985,0.10029047849352489
history_min_std,spearman,22038,-0.01019116132769708,16,-0.016846947416325697,-0.0012411563230087918,0.0951281004882008,-0.17745429815045213,0.10583398599432979
history_min_min,pearson,22038,-0.0003538112823191165,16,0.007965034764103061,-0.007745144483227495,0.061132823707193994,-0.0745282453180206,0.14156830920045524
history_min_min,spearman,22038,0.009024080228032031,16,0.018012075375519673,-0.007585605394834306,0.09597690737344634,-0.06901274804467825,0.16469546338662427
history_min_max,pearson,22038,0.01596280864360486,16,0.02049827629034534,0.011475134312423349,0.0558413867457872,-0.032092989814450745,0.11260234254068097
history_min_max,spearman,22038,-0.004869666143374248,16,0.003961687915370298,0.006422005419020585,0.038550211467052675,-0.08420779449510361,0.05772667970791962
history_min_last,pearson,22038,-0.03155777204011298,16,-0.030634856689107103,-0.03219063749471364,0.06131711607163319,-0.10374420630078948,0.038736109546317316
history_min_last,spearman,22038,-0.024481703397548873,16,-0.023152373977095998,-0.03634174503549219,0.07584444871568417,-0.1253820194003067,0.08533745792165479
history_max_mean,pearson,22038,0.0029213076453569876,16,-0.0012309100131940674,0.02090355092586101,0.06246063643352617,-0.21607291668281434,0.12141416906580817
history_max_mean,spearman,22038,-0.0012760145037668722,16,-0.017496969256861127,-0.0008529627901649238,0.07201761953016375,-0.2399306235987461,0.1276211688218658
history_max_std,pearson,22038,0.005690617289957768,16,0.00324098798884078,0.014317054472816676,0.029534377168060996,-0.13431667555816723,0.07393093830995412
history_max_std,spearman,22038,-0.010584056745810935,16,-0.02044101226817989,-0.008594817317101162,0.06546220776905545,-0.1989550813223022,0.11633783702157617
history_max_min,pearson,22038,-0.01537195974133292,16,-0.021195576807119906,-0.028704628725483912,0.04847614369726311,-0.09058111287970812,0.03405637133069899
history_max_min,spearman,22038,0.002328724708612635,16,-0.006279146277647567,-0.013005517763067933,0.04422148866950688,-0.06437922689497677,0.07775152599118429
history_max_max,pearson,22038,-0.00540544554472146,16,-0.00799780965546771,0.004861254224592456,0.05202240013088487,-0.13062837922441814,0.05685411710767129
history_max_max,spearman,22038,-0.009368630878052148,16,-0.020850892341094156,-0.0013420819680839563,0.07298825522745929,-0.1996376241065205,0.11824869664608427
history_max_last,pearson,22038,0.03151131462269285,16,0.030297289511072516,0.02589273363305336,0.06204845459983645,-0.0536858357822233,0.10033440362762829
history_max_last,spearman,22038,0.026574090238817356,16,0.024123907811027225,0.03342493767971062,0.07328455883787767,-0.06508072860884867,0.12478677209254899
history_q25_mean,pearson,22038,0.0013145501142834603,16,0.003334143903960118,-0.005246761508964983,0.05279241492790082,-0.09088080098725008,0.08973316227718409
history_q25_mean,spearman,22038,-0.0049945614956414955,16,0.009510486428888187,0.008656293690619472,0.052808631068328435,-0.06154028930493548,0.08437295955419045
history_q25_std,pearson,22038,0.0032484642434860997,16,-0.0013405011002311697,-0.0013414642938145787,0.0638228012758115,-0.1748990259071922,0.14969278275120762
history_q25_std,spearman,22038,-0.0043699708380701705,16,-0.023287759390506806,-0.020354214531820788,0.11109894952386226,-0.19739073748742342,0.16897351383998613
history_q25_min,pearson,22038,-0.0037277600980934827,16,-0.0011236630372475406,0.0104881776706948,0.09287173994952794,-0.10706934573902371,0.13913490478489504
history_q25_min,spearman,22038,-0.0016188720518050311,16,0.014116453404969998,0.024772401036324058,0.08991801336411019,-0.11494338072204487,0.13826873264898962
history_q25_max,pearson,22038,-0.0030299553403141176,16,0.0005075361323685261,-0.004532802976395224,0.07339012315459258,-0.09062712411869057,0.13704871681553457
history_q25_max,spearman,22038,-0.014356004890741457,16,-0.014116754373182033,-0.01711965019126074,0.09694484698331937,-0.13529687275480773,0.1339690331135027
history_q25_last,pearson,22038,-0.017063174634516006,16,-0.016400408001491975,-0.020405573293014827,0.05295505572184796,-0.08890718468852168,0.07091021482610803
history_q25_last,spearman,22038,-0.021158793377403815,16,-0.020440071937966188,-0.02113039320858691,0.05694466143367344,-0.07810730735238976,0.03842841516516325
history_q75_mean,pearson,22038,-0.0023889264619842317,16,-0.005738620230500328,-0.0006762742397777528,0.07221103238788673,-0.0945976140335197,0.08066436095641898
history_q75_mean,spearman,22038,0.004018377903717655,16,-0.011679956752234263,-0.013295740870934939,0.06788952274775885,-0.09409287137356566,0.06540134966330347
history_q75_std,pearson,22038,0.0038930198578137317,16,-0.001751881842954832,0.004623564945369397,0.05573799972132556,-0.1722241241949684,0.16210747677953874
history_q75_std,spearman,22038,-0.004380067113930772,16,-0.02252840249906339,-0.020724186492544237,0.10497693972335825,-0.19307730528904257,0.18227548497664434
history_q75_min,pearson,22038,0.0006097790401504868,16,-0.004288054299913353,-0.00525321489976647,0.0717295546700718,-0.13491198466216353,0.07957126636019674
history_q75_min,spearman,22038,0.01326889707845035,16,0.010186307702839806,0.02254196350759799,0.10736041967047952,-0.13193779795155602,0.12766962870489287
history_q75_max,pearson,22038,0.003090301700317352,16,0.0018702361961863067,0.011077075404640825,0.08673741750751907,-0.159187434943213,0.12081155839284562
history_q75_max,spearman,22038,0.0023759687997730403,16,-0.011458449348978586,-0.00942961791351193,0.0900131123147341,-0.14458831695424204,0.14381779653954174
history_q75_last,pearson,22038,0.018294090294316168,16,0.01599725081697535,0.024278260936662282,0.053751017184304015,-0.07767343469253211,0.09197799195920829
history_q75_last,spearman,22038,0.019531867793983314,16,0.016836866305862,0.018151598207315465,0.04091108689371825,-0.04792065167548958,0.08518610289585778
history_mean_abs_diff_mean,pearson,22038,-0.0020868459831655563,16,-0.01353518285596024,-0.006582593695534409,0.09143600491609932,-0.23041342747181848,0.09113769829888425
history_mean_abs_diff_mean,spearman,22038,0.003800192759983411,16,-0.016587760632928758,-0.020189025589928793,0.06507845600637796,-0.21068476947704878,0.11522811395183649
history_mean_abs_diff_std,pearson,22038,0.0018219065562992214,16,-0.00706946727548281,-0.0009643664666257536,0.0508929488366437,-0.20404178360904318,0.15733788010119856
history_mean_abs_diff_std,spearman,22038,-0.010478825403463211,16,-0.024943352599174587,-0.011675345786353089,0.10733070563166217,-0.2240576450685023,0.1807103491696595
history_mean_abs_diff_min,pearson,22038,-0.004238437995605004,16,-0.010918321459931653,-0.005674174798171225,0.05610955763770584,-0.12592111004286174,0.0836274827005183
history_mean_abs_diff_min,spearman,22038,0.009517820384204201,16,0.005653342654295455,-0.00284002046299381,0.06779677261131485,-0.11790771680213047,0.0939023912074953
history_mean_abs_diff_max,pearson,22038,0.0013360550342057709,16,-0.004679384277041013,0.010291325936726561,0.06463179908154819,-0.18739055868103394,0.13975230502546
history_mean_abs_diff_max,spearman,22038,-0.007427023014864255,16,-0.02297437086937025,-0.018445601170228247,0.10128347747667495,-0.18664331657226652,0.1754246464335543
history_mean_abs_diff_last,pearson,22038,0.029672690989360942,16,0.024718842809328193,0.022175745622894233,0.067437195332961,-0.08221298792588146,0.0968904865548096
history_mean_abs_diff_last,spearman,22038,0.027294243537875372,16,0.025604684562374892,0.020864456815894265,0.05984537851354322,-0.052459737241947704,0.09504578728183477
history_diff_std_mean,pearson,22038,-0.001448582433854161,16,-0.012753438533306667,0.0015860377744324368,0.08519360935065917,-0.25476821855769977,0.09810858472144968
history_diff_std_mean,spearman,22038,0.0017509862070187005,16,-0.01771411682549317,-0.008256341398747735,0.07582649075323089,-0.2556167313056182,0.12441045716102903
history_diff_std_std,pearson,22038,0.0007304473043556394,16,-0.006397974019866625,0.012922727904680405,0.06855011319361809,-0.1923093696319877,0.13561233739064227
history_diff_std_std,spearman,22038,-0.013956623264326808,16,-0.02668926437739216,-0.0038036066258224175,0.11388509338559902,-0.21128634693570103,0.16450106376642332
history_diff_std_min,pearson,22038,-0.006279528530735552,16,-0.013703950074096534,-0.002356133331710015,0.05960745269352449,-0.10373619581921818,0.058048976880453414
history_diff_std_min,spearman,22038,0.005998071109397312,16,0.0009187643193567844,-0.004106252263147961,0.06686873941651658,-0.10584132973840782,0.07067523240179362
history_diff_std_max,pearson,22038,-0.004808491250753947,16,-0.011439485001437226,0.0048319042524373156,0.06443513710188056,-0.18928011066409514,0.10420805939625764
history_diff_std_max,spearman,22038,-0.012608588267060678,16,-0.028988560842057264,-0.01647008452062148,0.10066731340080734,-0.19432523999216814,0.15290813791923194
history_diff_std_last,pearson,22038,0.03248156908919365,16,0.029061934359557035,0.027254082501433324,0.06802928719475056,-0.06711481771041394,0.10076485461775052
history_diff_std_last,spearman,22038,0.027918195134584146,16,0.02662349281062977,0.0208314229862631,0.07470660366366244,-0.06265606442945272,0.10743171165953089
history_flat_fraction_mean,pearson,22038,-0.0056641090878722265,16,-0.006874916441084148,0.016018155291480228,0.08330005735990234,-0.20145949104095923,0.08606479336213542
history_flat_fraction_mean,spearman,22038,-0.0129808020428881,16,-0.006275370718077333,-0.00742339835151733,0.08069012348504731,-0.1329654274910192,0.07715193421502238
history_flat_fraction_std,pearson,22038,-0.0012214406987417017,16,-0.003502163092705049,-0.005146404080453636,0.08570447488743285,-0.10419461893389725,0.14545074568784083
history_flat_fraction_std,spearman,22038,-0.013634479716008936,16,-0.014990186523877739,-0.011724253485217962,0.06209879642312673,-0.13157089475913453,0.10664680335100366
history_flat_fraction_min,pearson,22038,-0.00940319345226897,13,-0.0057614045636517385,0.013263921716608862,0.055679527319668076,-0.21672363739271933,0.05510552699379747
history_flat_fraction_min,spearman,22038,0.01756186660844255,13,0.016801763004650958,0.02983034440853755,0.04525307130016362,-0.10799371232683178,0.1391222470100264
history_flat_fraction_max,pearson,22038,0.002969032801612999,16,0.001906077787524569,0.00562669833644089,0.06440837795685402,-0.1647636036569517,0.13769497412416515
history_flat_fraction_max,spearman,22038,-0.008737238154961663,16,-0.005536295629993742,-0.011565954876332257,0.05272887997344498,-0.11777673938748666,0.11423697672963866
history_flat_fraction_last,pearson,22038,-0.006771024870583906,16,-0.007554207980938544,0.010023404096056749,0.03336159529897842,-0.21263901493104145,0.06708878241151402
history_flat_fraction_last,spearman,22038,-0.00575528662400981,16,-0.004864161399405955,-0.011770935246228006,0.07840535142451213,-0.06231407228746232,0.06332396024019865
history_slope_per_min_mean,pearson,22038,-0.008652981584670478,16,-0.016706619409114134,-0.01980142732395762,0.04255963014708903,-0.12377714737019796,0.13213224217536862
history_slope_per_min_mean,spearman,22038,-0.01689204879389191,16,-0.01873410689627623,-0.013830085393150632,0.050967013302000624,-0.11277187863956775,0.12928623149652427
history_slope_per_min_std,pearson,22038,-0.0011164127174214016,16,0.0005411962455516232,0.013297197577600693,0.07527344465410721,-0.16252091496855028,0.12062506602341787
history_slope_per_min_std,spearman,22038,0.00012020404265565061,16,-0.01423938729738776,0.01269233583093144,0.06203405317478468,-0.20462560985676245,0.11182413365915202
history_slope_per_min_min,pearson,22038,-0.00685011033924852,16,-0.009586441475647092,-0.006077437948495047,0.048812229537935375,-0.13536277686968337,0.09123771838730402
history_slope_per_min_min,spearman,22038,-0.0026874145615045555,16,0.008044569816433273,0.0007765970362327698,0.07038101092785254,-0.09441110182531862,0.13355273350988092
history_slope_per_min_max,pearson,22038,-0.004709320287828709,16,-0.009251202743083019,-0.008051410978275487,0.08199094379583152,-0.18737201052567473,0.12070458535895685
history_slope_per_min_max,spearman,22038,-0.012353580683070235,16,-0.019336393523414486,-0.0015092961847058036,0.0615243713993731,-0.15232651817644244,0.10870976308610077
history_slope_per_min_last,pearson,22038,0.011291353282760302,16,0.01230767488077693,0.02466995444425625,0.04590713943560439,-0.06005441896101823,0.06471209208167122
history_slope_per_min_last,spearman,22038,0.009846805599532453,16,0.013667959273425305,0.018236757395340565,0.03295042438303499,-0.03590591612808713,0.043895075704829846
