permutation,context_only_macro_f1,context_only_balanced_accuracy,context_only_macro_pr_auc,ppg_plus_context_macro_f1,ppg_plus_context_balanced_accuracy,ppg_plus_context_macro_pr_auc,macro_f1_delta,balanced_accuracy_delta,macro_pr_auc_delta
1,0.4401294498381877,0.5,0.4815086448525101,0.47894643595346365,0.4878775834658188,0.4940333873559385,0.03881698611527595,-0.012122416534181224,0.012524742503428388
2,0.4401294498381877,0.5,0.5112108312602075,0.5094955330872519,0.5100357710651828,0.48592700208008044,0.06936608324906424,0.01003577106518283,-0.02528382918012706
3,0.4401294498381877,0.5,0.48352778595129275,0.4980016424856283,0.5001987281399046,0.4905034357962721,0.05787219264744059,0.0001987281399046248,0.006975649844979337
4,0.4401294498381877,0.5,0.5267889058332249,0.5480463425715584,0.5456081081081081,0.5009790626820707,0.10791689273337068,0.045608108108108114,-0.0258098431511542
5,0.4383116883116883,0.4963235294117647,0.5972595347120002,0.48238031914893614,0.48668521462639114,0.5233082822956278,0.044068630837247824,-0.00963831478537358,-0.07395125241637246
6,0.4401294498381877,0.5,0.524303444382306,0.5424248836225137,0.5407392686804452,0.536252169937296,0.10229543378432604,0.040739268680445195,0.011948725554989936
7,0.4401294498381877,0.5,0.4791818498961714,0.44979554747841893,0.45965818759936405,0.48464299345168094,0.009666097640231242,-0.040341812400635946,0.005461143555509529
8,0.4401294498381877,0.5,0.5180563078013329,0.47575757575757577,0.4842011128775835,0.4987089300961221,0.035628125919388076,-0.015798887122416505,-0.019347377705210833
9,0.4401294498381877,0.5,0.47459755607494825,0.5241218789674144,0.5235492845786964,0.5561877061171139,0.08399242912922666,0.023549284578696428,0.08159015004216563
10,0.4401294498381877,0.5,0.47868177189914946,0.4032849712565015,0.41424880763116056,0.5161718990834349,-0.03684447858168621,-0.08575119236883944,0.037490127184285404
11,0.4401294498381877,0.5,0.5301525593994332,0.48215996168582376,0.49155405405405406,0.47780233546482,0.042030511847636065,-0.008445945945945943,-0.052350223934613194
12,0.4401294498381877,0.5,0.49021513139957423,0.4663189186157384,0.4731717011128776,0.481063049662818,0.026189468777550684,-0.026828298887122404,-0.009152081736756246
13,0.4401294498381877,0.5,0.5287144717373317,0.4694457064970468,0.4768481717011129,0.4901569971727602,0.02931625665885912,-0.023151828298887123,-0.03855747456457148
14,0.4401294498381877,0.5,0.5152457636640746,0.5169449767314536,0.5173887122416534,0.5211404290250881,0.07681552689326587,0.017388712241653392,0.0058946653610134625
15,0.4653804393218074,0.5098370429252782,0.5930135391202828,0.5402468552530562,0.5394475357710652,0.5396479118333977,0.07486641593124876,0.029610492845786984,-0.0533656272868851
16,0.4401294498381877,0.5,0.4940828443386347,0.47894643595346365,0.4878775834658188,0.5092803239069836,0.03881698611527595,-0.012122416534181224,0.015197479568348937
17,0.4401294498381877,0.5,0.5332532654092776,0.5087460245343026,0.5112281399046106,0.573662817262292,0.06861657469611493,0.011228139904610579,0.040409551853014314
18,0.4401294498381877,0.5,0.4962168852960849,0.4694457064970468,0.4768481717011129,0.5058387423631651,0.02931625665885912,-0.023151828298887123,0.009621857067080186
19,0.4401294498381877,0.5,0.5127662068577594,0.5283961835529305,0.5284181240063593,0.5204959954041836,0.0882667337147428,0.028418124006359347,0.007729788546424143
20,0.4401294498381877,0.5,0.4915438186575908,0.5132034632034632,0.5137122416534181,0.50479402271948,0.07307401336527553,0.013712241653418111,0.01325020406188926
21,0.4401294498381877,0.5,0.475371903487647,0.5169449767314536,0.5173887122416534,0.5144009120123509,0.07681552689326587,0.017388712241653392,0.03902900852470392
22,0.4383116883116883,0.4963235294117647,0.507327177344302,0.4487347703842549,0.4682034976152623,0.4456403723349417,0.010423082072566592,-0.02812003179650241,-0.0616868050093603
23,0.4401294498381877,0.5,0.4904410493737251,0.5015514184397163,0.5038751987281399,0.5337760398098369,0.0614219686015286,0.003875198728139906,0.043334990436111775
24,0.4401294498381877,0.5,0.45836934441745064,0.43655699567962775,0.4657193958664547,0.4728874337166269,-0.0035724541585599456,-0.03428060413354528,0.014518089299176251
25,0.4401294498381877,0.5,0.5522133831025432,0.4980016424856283,0.5001987281399046,0.5170603225098235,0.05787219264744059,0.0001987281399046248,-0.03515306059271972
26,0.4678742310321258,0.5135135135135135,0.535912782836125,0.4694457064970468,0.4768481717011129,0.49037430163784934,0.001571475464921035,-0.03666534181240061,-0.04553848119827564
27,0.4401294498381877,0.5,0.5841078979526125,0.5362470862470863,0.5357710651828299,0.572048636419384,0.09611763640889859,0.03577106518282991,-0.01205926153322856
28,0.4401294498381877,0.5,0.5298700224661599,0.5564102564102564,0.5529610492845787,0.5399859025973768,0.11628080657206874,0.052961049284578676,0.010115880131216892
29,0.4401294498381877,0.5,0.5545121206837971,0.5835339431872894,0.5787957074721781,0.562301215798545,0.14340449334910166,0.07879570747217812,0.0077890951147479015
30,0.4401294498381877,0.5,0.5306346794874164,0.4469123338381289,0.4559817170111288,0.4953188936318331,0.006782883999941203,-0.04401828298887123,-0.03531578585558326
31,0.4401294498381877,0.5,0.5692311093425569,0.48751586965721544,0.4891693163751987,0.5017737579925856,0.04738641981902775,-0.010830683624801274,-0.06745735134997133
32,0.4401294498381877,0.5,0.46775892379328216,0.5676965015901863,0.5627980922098569,0.5452561933341589,0.12756705175199856,0.06279809220985688,0.07749726954087671
33,0.4401294498381877,0.5,0.5720663313073413,0.5590647163120568,0.5554451510333863,0.5782296053996171,0.1189352664738691,0.05544515103338632,0.0061632740922757945
34,0.4401294498381877,0.5,0.5003508927155859,0.4993799090533278,0.5050675675675675,0.5168460835517464,0.059250459215140105,0.0050675675675675436,0.016495190836160578
35,0.4401294498381877,0.5,0.5237302608637215,0.5676965015901863,0.5627980922098569,0.5265327661985226,0.12756705175199856,0.06279809220985688,0.0028025053348010864
36,0.4401294498381877,0.5,0.5401149727580068,0.48238031914893614,0.48668521462639114,0.4929038685838477,0.04225086931074845,-0.013314785373608862,-0.04721110417415908
37,0.4401294498381877,0.5,0.5558910047720698,0.4959207459207459,0.5013910969793323,0.5350763220017346,0.05579129608255823,0.0013910969793322625,-0.020814682770335158
38,0.4401294498381877,0.5,0.47554543432245694,0.4200191570881226,0.43998410174880764,0.46883434224574616,-0.020110292750065095,-0.06001589825119236,-0.0067110920767107785
39,0.4401294498381877,0.5,0.4908695377922846,0.47575757575757577,0.4842011128775835,0.5651017074258746,0.035628125919388076,-0.015798887122416505,0.07423216963359003
40,0.4401294498381877,0.5,0.4665892520728925,0.45559440559440556,0.4670111287758346,0.5182258663826054,0.015464955756217869,-0.032988871224165384,0.05163661430971289
41,0.4401294498381877,0.5,0.48856095236714925,0.6271551724137931,0.6118839427662958,0.5865262465678356,0.18702572257560546,0.11188394276629576,0.09796529420068634
42,0.4401294498381877,0.5,0.4606204425824036,0.45851296285359944,0.47068759936407,0.43207615803308574,0.018383513015411745,-0.02931240063592999,-0.028544284549317844
43,0.4401294498381877,0.5,0.4638446008347973,0.5087460245343026,0.5112281399046106,0.49876891671154205,0.06861657469611493,0.011228139904610579,0.03492431587674477
44,0.4401294498381877,0.5,0.5706558256195808,0.5522001725625539,0.5492845786963434,0.5005684542517248,0.11207072272436625,0.049284578696343395,-0.07008737136785603
45,0.4580200501253133,0.49880763116057236,0.543194228567683,0.5737749794689296,0.5689586645468998,0.5996059600287176,0.11575492934361631,0.07015103338632744,0.05641173146103462
46,0.4401294498381877,0.5,0.4556770405183047,0.42475369458128076,0.4473370429252782,0.4715479723810793,-0.015375755256906931,-0.052662957074721795,0.015870931862774607
47,0.4401294498381877,0.5,0.5436988313241278,0.5693722943722944,0.5652821939586645,0.578819608015132,0.12924284453410673,0.06528219395866453,0.03512077669100422
48,0.4401294498381877,0.5,0.4482441039644741,0.4469123338381289,0.4559817170111288,0.48037949498271026,0.006782883999941203,-0.04401828298887123,0.03213539101823615
49,0.4401294498381877,0.5,0.4953700284135111,0.48215996168582376,0.49155405405405406,0.46472504611559584,0.042030511847636065,-0.008445945945945943,-0.030644982297915235
50,0.4401294498381877,0.5,0.5046402909571259,0.45559440559440556,0.4670111287758346,0.4660298637941601,0.015464955756217869,-0.032988871224165384,-0.03861042716296581
51,0.4401294498381877,0.5,0.4274360758795215,0.48406843509653114,0.48549284578696345,0.5000201911369333,0.043938985258343444,-0.014507154213036555,0.07258411525741182
52,0.4401294498381877,0.5,0.4447612277702618,0.4944805194805195,0.49652225755166934,0.48108127840330694,0.05435106964233183,-0.0034777424483306563,0.036320050633045164
53,0.4401294498381877,0.5,0.5174944094262985,0.4487347703842549,0.4682034976152623,0.4782005146323526,0.008605320546067219,-0.03179650238473769,-0.03929389479394596
54,0.4401294498381877,0.5,0.5249991542465736,0.4857255033933479,0.4903616852146264,0.5213811491933658,0.04559605355516022,-0.00963831478537358,-0.0036180050532078623
55,0.4401294498381877,0.5,0.4957799418266136,0.48430047694753575,0.48430047694753575,0.5007028104994639,0.04417102710934806,-0.015699523052464248,0.004922868672850245
56,0.4401294498381877,0.5,0.47919526955185343,0.49249352890422776,0.497714626391097,0.5050591901303864,0.05236407906604007,-0.0022853736089030185,0.02586392057853293
57,0.4401294498381877,0.5,0.5019319245338594,0.4411716397481522,0.4486287758346582,0.48930412920427524,0.0010421899099645193,-0.05137122416534179,-0.012627795329584135
58,0.46045581767293087,0.5024841017488076,0.5795344925367538,0.6219807476525128,0.6082074721780604,0.581127951461807,0.1615249299795819,0.10572337042925273,0.0015934589250531372
59,0.4401294498381877,0.5,0.4772606910223186,0.4663189186157384,0.4731717011128776,0.45654816476478854,0.026189468777550684,-0.026828298887122404,-0.02071252625753006
60,0.4401294498381877,0.5,0.42478259015072006,0.41764601665387113,0.43630763116057236,0.4729336630821874,-0.02248343318431656,-0.06369236883942764,0.048151072931467365
61,0.4401294498381877,0.5,0.48038593947966524,0.5198133821531921,0.5222575516693164,0.5159759001250508,0.07968393231500437,0.022257551669316422,0.035589960645385554
62,0.4401294498381877,0.5,0.4587653984819142,0.5362470862470863,0.5357710651828299,0.599462133941752,0.09611763640889859,0.03577106518282991,0.14069673545983774
63,0.4401294498381877,0.5,0.4574315202421988,0.4411716397481522,0.4486287758346582,0.4768847449186397,0.0010421899099645193,-0.05137122416534179,0.019453224676440894
64,0.4401294498381877,0.5,0.49774456227309594,0.4354312354312354,0.44982114467408585,0.46924000641529995,-0.0046982144069522835,-0.05017885532591415,-0.028504555857795988
65,0.4401294498381877,0.5,0.49364241941611425,0.5607278882776132,0.557929252782194,0.5446532880901159,0.12059843843942553,0.05792925278219396,0.051010868674001675
66,0.4401294498381877,0.5,0.5096692999130235,0.4433922175681418,0.46085055643879175,0.49308848202442845,0.003262767729954097,-0.03914944356120825,-0.016580817888595
67,0.4401294498381877,0.5,0.43640618772461454,0.4725913143514524,0.48052464228934816,0.48435955808292297,0.032461864513264715,-0.01947535771065184,0.047953370358308434
68,0.4401294498381877,0.5,0.4787092333578118,0.42711652608559825,0.4510135135135135,0.4475795833381855,-0.013012923752589445,-0.048986486486486513,-0.03112965001962631
69,0.4401294498381877,0.5,0.5195258601279363,0.5480463425715584,0.5456081081081081,0.5536965055090834,0.10791689273337068,0.045608108108108114,0.03417064538114711
70,0.4401294498381877,0.5,0.4547539223561479,0.43807948975373534,0.45349761526232113,0.4704038984323677,-0.0020499600844523513,-0.04650238473767887,0.015649976076219763
71,0.4401294498381877,0.5,0.5072868263220971,0.47575757575757577,0.4842011128775835,0.5298613283508088,0.035628125919388076,-0.015798887122416505,0.022574502028711696
72,0.4401294498381877,0.5,0.5617022137286236,0.46921286500211595,0.4719793322734499,0.4728198567645737,0.02908341516392826,-0.028020667726550097,-0.08888235696404989
73,0.4401294498381877,0.5,0.4689098186901547,0.5028735632183908,0.5087440381558028,0.5567334417525345,0.06274411338020314,0.008744038155802825,0.08782362306237979
74,0.4383116883116883,0.4963235294117647,0.5158613860913406,0.48238031914893614,0.48668521462639114,0.48245551436399864,0.044068630837247824,-0.00963831478537358,-0.03340587172734194
75,0.4401294498381877,0.5,0.5744733717224881,0.5169449767314536,0.5173887122416534,0.5152881433156716,0.07681552689326587,0.017388712241653392,-0.059185228406816504
76,0.4401294498381877,0.5,0.4533088279329423,0.4890958655156747,0.4940381558028617,0.5432550410612096,0.048966415677486996,-0.0059618441971383,0.08994621312826728
77,0.4401294498381877,0.5,0.4830437343825394,0.4080991642829099,0.4216017488076311,0.4536632051932597,-0.032030285555277815,-0.07839825119236887,-0.02938052918927969
78,0.4401294498381877,0.5,0.5110628038023874,0.4944805194805195,0.49652225755166934,0.5487384868401071,0.05435106964233183,-0.0034777424483306563,0.03767568303771962
79,0.434640522875817,0.4889705882352941,0.5069398256125305,0.4659655731700936,0.4683028616852146,0.49676443762674805,0.031325050294276624,-0.02066772655007948,-0.010175387985782436
80,0.4401294498381877,0.5,0.5152977888727874,0.48238031914893614,0.48668521462639114,0.5000199146329529,0.04225086931074845,-0.013314785373608862,-0.01527787423983451
81,0.4401294498381877,0.5,0.48965037235482034,0.47894643595346365,0.4878775834658188,0.5145418409543375,0.03881698611527595,-0.012122416534181224,0.024891468599517186
82,0.434640522875817,0.4889705882352941,0.5674941351264416,0.5319264069264069,0.530902225755167,0.4871804341324639,0.09728588405058991,0.04193163751987289,-0.08031370099397772
83,0.4401294498381877,0.5,0.49954740513755413,0.4959207459207459,0.5013910969793323,0.458847074915942,0.05579129608255823,0.0013910969793322625,-0.040700330221612124
84,0.4401294498381877,0.5,0.4881881062841014,0.5198133821531921,0.5222575516693164,0.5286303023240784,0.07968393231500437,0.022257551669316422,0.04044219603997695
85,0.494278793953061,0.527027027027027,0.5781707373842033,0.5280051356122613,0.5272257551669317,0.5580856420166519,0.03372634165920024,0.0001987281399047358,-0.02008509536755143
86,0.4401294498381877,0.5,0.5036276265364303,0.47894643595346365,0.4878775834658188,0.47964123340492315,0.03881698611527595,-0.012122416534181224,-0.02398639313150719
87,0.4401294498381877,0.5,0.4944553179269693,0.48215996168582376,0.49155405405405406,0.4932266450942989,0.042030511847636065,-0.008445945945945943,-0.0012286728326703633
88,0.4401294498381877,0.5,0.4932749039992628,0.4857255033933479,0.4903616852146264,0.5028777308954706,0.04559605355516022,-0.00963831478537358,0.009602826896207783
89,0.4401294498381877,0.5,0.49867117064000044,0.4944805194805195,0.49652225755166934,0.4793407688695944,0.05435106964233183,-0.0034777424483306563,-0.019330401770406014
90,0.4401294498381877,0.5,0.5521495798011173,0.5123957434570032,0.5149046104928459,0.5046241714804319,0.07226629361881554,0.01490461049284586,-0.047525408320685414
91,0.4401294498381877,0.5,0.4616830148133496,0.4944805194805195,0.49652225755166934,0.5008346779369125,0.05435106964233183,-0.0034777424483306563,0.039151663123562885
92,0.4401294498381877,0.5,0.49710941643860995,0.5873466606088141,0.5799880763116056,0.5522637917330528,0.14721721077062644,0.07998807631160565,0.05515437529444289
93,0.4401294498381877,0.5,0.4957343497784963,0.5135895032802249,0.5197734499205088,0.4927647476967348,0.07346005344203721,0.01977344992050878,-0.002969602081761502
94,0.4401294498381877,0.5,0.429612029999337,0.4433922175681418,0.46085055643879175,0.47002077136486975,0.003262767729954097,-0.03914944356120825,0.04040874136553274
95,0.4401294498381877,0.5,0.5334339784885282,0.47247632803723316,0.4756558028616852,0.5053297648745194,0.03234687819904547,-0.024344197138314816,-0.028104213614008833
96,0.4401294498381877,0.5,0.47263974937984743,0.42750574906051936,0.43879173290937995,0.4754377087585751,-0.012623700777668334,-0.06120826709062005,0.002797959378727677
97,0.4401294498381877,0.5,0.48547843429798765,0.5319264069264069,0.530902225755167,0.5350792916454561,0.09179695708821922,0.03090222575516699,0.04960085734746844
98,0.4401294498381877,0.5,0.46949024207264717,0.5028735632183908,0.5087440381558028,0.49397409154627603,0.06274411338020314,0.008744038155802825,0.02448384947362886
99,0.4401294498381877,0.5,0.5154585830503551,0.47894643595346365,0.4878775834658188,0.4525783029729705,0.03881698611527595,-0.012122416534181224,-0.06288028007738455
100,0.4401294498381877,0.5,0.5790220410031374,0.5439452577261765,0.5419316375198728,0.5524842726099153,0.10381580788798883,0.04193163751987283,-0.026537768393222083
101,0.4401294498381877,0.5,0.5433157953990589,0.4857255033933479,0.4903616852146264,0.5062367460328485,0.04559605355516022,-0.00963831478537358,-0.037079049366210426
102,0.4401294498381877,0.5,0.4889451328300501,0.5362470862470863,0.5357710651828299,0.5646352952033986,0.09611763640889859,0.03577106518282991,0.07569016237334852
103,0.4401294498381877,0.5,0.5202450864553343,0.5312807881773399,0.5332869634340223,0.5600726010741781,0.09115133833915223,0.033286963434022265,0.03982751461884382
104,0.4401294498381877,0.5,0.44841957626220924,0.5235871647509579,0.5259340222575517,0.5444184558774874,0.08345771491277021,0.025934022257551703,0.09599887961527814
105,0.4383116883116883,0.4963235294117647,0.54261006454339,0.5087460245343026,0.5112281399046106,0.5618761492608807,0.0704343362226143,0.01490461049284586,0.019266084717490695
106,0.4401294498381877,0.5,0.46954829218432736,0.4980016424856283,0.5001987281399046,0.4786564087112059,0.05787219264744059,0.0001987281399046248,0.00910811652687854
107,0.4401294498381877,0.5,0.5158093688871523,0.509975369458128,0.5160969793322735,0.4765289506612633,0.06984591961994036,0.016096979332273498,-0.03928041822588907
108,0.4401294498381877,0.5,0.5197150922443449,0.45396672551222383,0.4584658187599364,0.4695675238606283,0.013837275674036142,-0.041534181240063583,-0.05014756838371659
109,0.4401294498381877,0.5,0.4899388580153854,0.47894643595346365,0.4878775834658188,0.5285496425325444,0.03881698611527595,-0.012122416534181224,0.03861078451715905
110,0.4401294498381877,0.5,0.4935278832532106,0.4857255033933479,0.4903616852146264,0.502956653960509,0.04559605355516022,-0.00963831478537358,0.009428770707298417
111,0.4401294498381877,0.5,0.45403511067866886,0.47894643595346365,0.4878775834658188,0.4800947237533494,0.03881698611527595,-0.012122416534181224,0.02605961307468052
112,0.4383116883116883,0.4963235294117647,0.5032943781074374,0.4098440545808967,0.40818759936407,0.4658177588495467,-0.02846763373079164,-0.08813593004769471,-0.0374766192578907
113,0.4401294498381877,0.5,0.4764952691783034,0.4614463601532567,0.4743640699523053,0.4712636319432288,0.021316910315068993,-0.02563593004769471,-0.005231637235074638
114,0.4401294498381877,0.5,0.49521648805350993,0.5028735632183908,0.5087440381558028,0.5320740487794801,0.06274411338020314,0.008744038155802825,0.03685756072597013
115,0.4678742310321258,0.5135135135135135,0.5475024875727927,0.49098593056224255,0.492845786963434,0.4547577957706363,0.02311169953011677,-0.02066772655007948,-0.09274469180215644
116,0.4401294498381877,0.5,0.4701841644522549,0.5015514184397163,0.5038751987281399,0.478063011556359,0.0614219686015286,0.003875198728139906,0.00787884710410408
117,0.43278688524590164,0.4852941176470588,0.5865724233404669,0.4993799090533278,0.5050675675675675,0.5137758139021683,0.06659302380742615,0.019773449920508723,-0.07279660943829858
118,0.4383116883116883,0.4963235294117647,0.5701410685260189,0.4663189186157384,0.4731717011128776,0.46040849674260076,0.028007230304050057,-0.023151828298887123,-0.10973257178341811
119,0.4401294498381877,0.5,0.49742138207135633,0.4854003520913009,0.49523052464228934,0.5190043744928265,0.0452709022531132,-0.004769475357710662,0.021582992421470215
120,0.4401294498381877,0.5,0.4591587311851716,0.4354312354312354,0.44982114467408585,0.48091218547204245,-0.0046982144069522835,-0.05017885532591415,0.021753454286870866
121,0.4401294498381877,0.5,0.48583033933099495,0.5352077475788816,0.5369634340222575,0.5198565873082084,0.09507829774069387,0.036963434022257546,0.03402624797721343
122,0.4401294498381877,0.5,0.5059060729232803,0.494955185659411,0.4953298887122417,0.5501213730033763,0.0548257358212233,-0.004670111287758294,0.044215300080096
123,0.4401294498381877,0.5,0.5536023080601081,0.44979554747841893,0.45965818759936405,0.49359565574431963,0.009666097640231242,-0.040341812400635946,-0.0600066523157885
124,0.4401294498381877,0.5,0.5040199263051215,0.4980016424856283,0.5001987281399046,0.5264814216473769,0.05787219264744059,0.0001987281399046248,0.02246149534225539
125,0.4401294498381877,0.5,0.5427904566031689,0.5235871647509579,0.5259340222575517,0.564697518200698,0.08345771491277021,0.025934022257551703,0.021907061597529087
126,0.4401294498381877,0.5,0.4946956439614042,0.5015514184397163,0.5038751987281399,0.5555422278598742,0.0614219686015286,0.003875198728139906,0.060846583898469975
127,0.4401294498381877,0.5,0.49208185468540383,0.3960008463817182,0.4032193958664547,0.49565784023288756,-0.04412860345646952,-0.09678060413354528,0.0035759855474837288
128,0.4401294498381877,0.5,0.49395180713813425,0.5480463425715584,0.5456081081081081,0.5363257487954378,0.10791689273337068,0.045608108108108114,0.04237394165730357
129,0.4401294498381877,0.5,0.46106606472681416,0.4959207459207459,0.5013910969793323,0.5044829637645543,0.05579129608255823,0.0013910969793322625,0.0434168990377401
130,0.4401294498381877,0.5,0.46038961941005335,0.46921286500211595,0.4719793322734499,0.537885361710665,0.02908341516392826,-0.028020667726550097,0.07749574230061168
131,0.4401294498381877,0.5,0.49071716321849745,0.5051320881709574,0.5075516693163752,0.5085395358257493,0.06500263833276976,0.007551669316375187,0.017822372607251835
132,0.4401294498381877,0.5,0.5184500636049165,0.5028735632183908,0.5087440381558028,0.48111026718846783,0.06274411338020314,0.008744038155802825,-0.03733979641644869
133,0.4401294498381877,0.5,0.5115446466208582,0.46439628482972134,0.47804054054054057,0.47037692907456685,0.024266834991533648,-0.02195945945945943,-0.04116771754629134
134,0.4401294498381877,0.5,0.4998314090458445,0.44979554747841893,0.45965818759936405,0.4564116409799967,0.009666097640231242,-0.040341812400635946,-0.0434197680658478
135,0.4364820846905538,0.49264705882352944,0.5419609708258564,0.5160839160839161,0.5185810810810811,0.48844009422746504,0.07960183139336235,0.025934022257551703,-0.05352087659839133
136,0.4678742310321258,0.5135135135135135,0.5384892772107258,0.49249352890422776,0.497714626391097,0.5097079058496914,0.024619297872101986,-0.015798887122416505,-0.028781371361034425
137,0.4401294498381877,0.5,0.48246801263402295,0.44979554747841893,0.45965818759936405,0.44790227965497076,0.009666097640231242,-0.040341812400635946,-0.03456573297905219
138,0.4401294498381877,0.5,0.44672448327499703,0.452689099798677,0.46333465818759934,0.5177417389295559,0.012559649960489305,-0.036665341812400665,0.07101725565455885
139,0.4401294498381877,0.5,0.6153932672120397,0.4694457064970468,0.4768481717011129,0.5074319019043928,0.02931625665885912,-0.023151828298887123,-0.10796136530764688
140,0.4401294498381877,0.5,0.5075900935569923,0.4469123338381289,0.4559817170111288,0.4835080866252921,0.006782883999941203,-0.04401828298887123,-0.02408200693170015
141,0.4401294498381877,0.5,0.4621329195079175,0.49098593056224255,0.492845786963434,0.5180872386196937,0.05085648072405485,-0.007154213036565993,0.05595431911177623
142,0.4401294498381877,0.5,0.5322500982122047,0.49249352890422776,0.497714626391097,0.48607316540283907,0.05236407906604007,-0.0022853736089030185,-0.046176932809365634
143,0.4401294498381877,0.5,0.5368982951420853,0.4857255033933479,0.4903616852146264,0.5903926859861353,0.04559605355516022,-0.00963831478537358,0.053494390844049944
144,0.4401294498381877,0.5,0.5229603012868571,0.4944805194805195,0.49652225755166934,0.5534700296293205,0.05435106964233183,-0.0034777424483306563,0.03050972834246335
145,0.4401294498381877,0.5,0.5376106666628355,0.5398936170212766,0.5382551669316376,0.524478747098382,0.09976416718308889,0.03825516693163755,-0.013131919564453476
146,0.4401294498381877,0.5,0.5143949620259936,0.5322979580097785,0.5320945945945946,0.504638699091722,0.09216850817159083,0.03209459459459463,-0.009756262934271565
147,0.4401294498381877,0.5,0.507884378026527,0.5132034632034632,0.5137122416534181,0.549021240803777,0.07307401336527553,0.013712241653418111,0.04113686277725004
148,0.4401294498381877,0.5,0.4701298190728869,0.49249352890422776,0.497714626391097,0.49265599001940563,0.05236407906604007,-0.0022853736089030185,0.02252617094651871
149,0.4401294498381877,0.5,0.5421993877793558,0.5169449767314536,0.5173887122416534,0.5635256091063865,0.07681552689326587,0.017388712241653392,0.02132622132703066
150,0.4401294498381877,0.5,0.5171032775527612,0.5522001725625539,0.5492845786963434,0.6123132692036127,0.11207072272436625,0.049284578696343395,0.09520999165085153
151,0.4401294498381877,0.5,0.5117102580750259,0.42750574906051936,0.43879173290937995,0.49703225263714457,-0.012623700777668334,-0.06120826709062005,-0.014678005437881336
152,0.4383116883116883,0.4963235294117647,0.5844128867772539,0.4725913143514524,0.48052464228934816,0.5189961049079675,0.03427962603976409,-0.01579888712241656,-0.06541678186928634
153,0.4383116883116883,0.4963235294117647,0.5297814986096557,0.4487347703842549,0.4682034976152623,0.4929382767056486,0.010423082072566592,-0.02812003179650241,-0.03684322190400713
154,0.4401294498381877,0.5,0.49952546051272934,0.5522001725625539,0.5492845786963434,0.6124847374493481,0.11207072272436625,0.049284578696343395,0.11295927693661872
155,0.4364820846905538,0.49264705882352944,0.5974945338517865,0.5094955330872519,0.5100357710651828,0.5414466564350197,0.07301344839669816,0.017388712241653392,-0.05604787741676687
156,0.4401294498381877,0.5,0.4353709293247487,0.5123957434570032,0.5149046104928459,0.5227003457532448,0.07226629361881554,0.01490461049284586,0.08732941642849607
157,0.4401294498381877,0.5,0.5043279472400651,0.46011497399397755,0.465818759936407,0.4712272382415663,0.019985524155789858,-0.03418124006359302,-0.03310070899849882
158,0.43278688524590164,0.4852941176470588,0.5687211457131388,0.48238031914893614,0.48668521462639114,0.5270856351005149,0.0495934339030345,0.001391096979332318,-0.04163551061262394
159,0.4401294498381877,0.5,0.4691193445924839,0.4541181016163307,0.4755564387917329,0.5157907486177832,0.013988651778143013,-0.024443561208267073,0.04667140402529929
160,0.4401294498381877,0.5,0.5517910272035143,0.5522001725625539,0.5492845786963434,0.5476071816987216,0.11207072272436625,0.049284578696343395,-0.0041838455047926715
161,0.4401294498381877,0.5,0.5154888573709354,0.4980016424856283,0.5001987281399046,0.4851806000213871,0.05787219264744059,0.0001987281399046248,-0.03030825734954834
162,0.4401294498381877,0.5,0.467320632818905,0.44073275862068967,0.45717408585055647,0.4882620941695234,0.0006033087825019767,-0.042825914149443534,0.020941461350618362
163,0.4401294498381877,0.5,0.481942650900939,0.4383116883116883,0.44495230524642293,0.4765662341775141,-0.001817761526499373,-0.05504769475357707,-0.005376416723424926
164,0.4401294498381877,0.5,0.5018049680017639,0.5274084866144599,0.529610492845787,0.51727978770768,0.08727903677627225,0.029610492845786984,0.015474819705916132
165,0.4401294498381877,0.5,0.5467347988694786,0.5087460245343026,0.5112281399046106,0.5154860804389335,0.06861657469611493,0.011228139904610579,-0.031248718430545108
166,0.4364820846905538,0.49264705882352944,0.5431001624106395,0.5312807881773399,0.5332869634340223,0.5123677103437061,0.09479870348678615,0.04063990461049283,-0.030732452066933424
167,0.4383116883116883,0.4963235294117647,0.4767836705835049,0.4944805194805195,0.49652225755166934,0.5147539374910441,0.0561688311688312,0.0001987281399046248,0.03797026690753924
168,0.4401294498381877,0.5,0.4862052229461735,0.4733637747336378,0.4890699523052464,0.44667459582781266,0.033234324895450085,-0.010930047694753586,-0.03953062711836086
169,0.4401294498381877,0.5,0.5296711897805434,0.4433922175681418,0.46085055643879175,0.457474251587137,0.003262767729954097,-0.03914944356120825,-0.07219693819340639
170,0.49117647058823527,0.5233505564387917,0.5970589283907207,0.6068181818181818,0.5996621621621622,0.6196869686725732,0.11564171122994654,0.07631160572337048,0.0226280402818525
171,0.4401294498381877,0.5,0.4595539758692174,0.5028735632183908,0.5087440381558028,0.5410699503626621,0.06274411338020314,0.008744038155802825,0.08151597449344472
172,0.4401294498381877,0.5,0.5201928130498117,0.5564102564102564,0.5529610492845787,0.5845578295686358,0.11628080657206874,0.052961049284578676,0.06436501651882409
173,0.4383116883116883,0.4963235294117647,0.5176498991074442,0.41764601665387113,0.43630763116057236,0.45058327125791087,-0.020665671657817186,-0.06001589825119236,-0.06706662784953332
174,0.4401294498381877,0.5,0.5236785503140183,0.4433922175681418,0.46085055643879175,0.48088469585164306,0.003262767729954097,-0.03914944356120825,-0.04279385446237527
175,0.4401294498381877,0.5,0.5413394073371366,0.5398936170212766,0.5382551669316376,0.5553582289497865,0.09976416718308889,0.03825516693163755,0.01401882161264989
176,0.4401294498381877,0.5,0.47935354819455134,0.40955631399317405,0.4411764705882353,0.45599375200449355,-0.030573135845013644,-0.05882352941176472,-0.02335979619005779
177,0.4383116883116883,0.4963235294117647,0.5421536839588944,0.4959207459207459,0.5013910969793323,0.5257463900181151,0.0576090576090576,0.0050675675675675436,-0.016407293940779333
178,0.4401294498381877,0.5,0.509252449421322,0.5160839160839161,0.5185810810810811,0.5383434491971372,0.07595446624572844,0.01858108108108114,0.029090999775815196
179,0.4401294498381877,0.5,0.49539819081239556,0.5058188743123149,0.5063593004769475,0.49966565495499726,0.06568942447412718,0.006359300476947549,0.004267464142601707
180,0.4653804393218074,0.5098370429252782,0.5974606226120863,0.5322979580097785,0.5320945945945946,0.5312026750076296,0.06691751868797113,0.022257551669316422,-0.06625794760445669
181,0.4401294498381877,0.5,0.5436357043726183,0.4790583082398029,0.48300874403815586,0.5079818060210302,0.038928858401615196,-0.016991255961844143,-0.035653898351588165
182,0.4401294498381877,0.5,0.4589424535957414,0.5650243406622799,0.5616057233704292,0.5334978942162928,0.12489489082409222,0.061605723370429244,0.07455544062055142
183,0.4383116883116883,0.4963235294117647,0.5346622944968615,0.5160839160839161,0.5185810810810811,0.49806530412991834,0.07777222777222781,0.022257551669316422,-0.036596990366943194
184,0.4401294498381877,0.5,0.5076575153291208,0.4411716397481522,0.4486287758346582,0.49113539586748367,0.0010421899099645193,-0.05137122416534179,-0.016522119461637175
185,0.4401294498381877,0.5,0.5596527334840722,0.48215996168582376,0.49155405405405406,0.522358870011763,0.042030511847636065,-0.008445945945945943,-0.03729386347230923
186,0.4653804393218074,0.5098370429252782,0.5819826154274454,0.5169449767314536,0.5173887122416534,0.5331388000801578,0.05156453740964617,0.007551669316375187,-0.048843815347287656
187,0.4401294498381877,0.5,0.478153071047996,0.5051320881709574,0.5075516693163752,0.5252111289922404,0.06500263833276976,0.007551669316375187,0.04705805794424445
188,0.4401294498381877,0.5,0.5114820950838624,0.47575757575757577,0.47933227344992047,0.528147741055447,0.035628125919388076,-0.020667726550079535,0.016665645971584597
189,0.434640522875817,0.4889705882352941,0.518219202979864,0.3951048951048951,0.41544117647058826,0.4497380977333005,-0.0395356277709219,-0.07352941176470584,-0.06848110524656353
190,0.4401294498381877,0.5,0.4489915518672373,0.4694457064970468,0.4768481717011129,0.4980002278784328,0.02931625665885912,-0.023151828298887123,0.04900867601119546
191,0.4401294498381877,0.5,0.46936481478931097,0.43278688524590164,0.44614467408585057,0.4995728047054666,-0.007342564592286049,-0.05385532591414943,0.030207989916155642
192,0.4401294498381877,0.5,0.5138330011719656,0.585727969348659,0.5775039745627981,0.6367513540518847,0.1455985195104713,0.07750397456279812,0.12291835287991904
193,0.4401294498381877,0.5,0.498119747875977,0.5522001725625539,0.5492845786963434,0.5862416599676813,0.11207072272436625,0.049284578696343395,0.08812191209170428
194,0.4401294498381877,0.5,0.503710302813308,0.4944805194805195,0.49652225755166934,0.5116211638844421,0.05435106964233183,-0.0034777424483306563,0.007910861071134145
195,0.4401294498381877,0.5,0.4322202033589776,0.40955631399317405,0.4411764705882353,0.4626599842839835,-0.030573135845013644,-0.05882352941176472,0.030439780925005933
196,0.4401294498381877,0.5,0.5188631308323152,0.5443007662835249,0.5431240063593005,0.513412025669622,0.10417131644533717,0.04312400635930047,-0.005451105162693204
197,0.4401294498381877,0.5,0.48023458945582603,0.563351842503786,0.5591216216216216,0.5507961103122603,0.12322239266559831,0.0591216216216216,0.07056152085643425
198,0.4401294498381877,0.5,0.46230654090043855,0.5087460245343026,0.5112281399046106,0.5224176225994263,0.06861657469611493,0.011228139904610579,0.06011108169898771
199,0.4555990482769207,0.4951311605723371,0.5920785772639745,0.4411716397481522,0.4486287758346582,0.5028599835957993,-0.014427408528768504,-0.04650238473767887,-0.0892185936681752
200,0.4401294498381877,0.5,0.511564122818344,0.5522001725625539,0.5492845786963434,0.5670730913719837,0.11207072272436625,0.049284578696343395,0.05550896855363974
201,0.4401294498381877,0.5,0.5313102890731476,0.4890958655156747,0.4940381558028617,0.5051896760646238,0.048966415677486996,-0.0059618441971383,-0.026120613008523752
202,0.4401294498381877,0.5,0.5297289473904495,0.4857255033933479,0.4903616852146264,0.4872074473830089,0.04559605355516022,-0.00963831478537358,-0.042521500007440594
203,0.4401294498381877,0.5,0.5584647346333806,0.5245386729485669,0.5247416534181241,0.5541890133494417,0.08440922311037924,0.024741653418124065,-0.004275721283938938
204,0.4401294498381877,0.5,0.517740704846516,0.430145388459791,0.4424682034976153,0.42627237269510315,-0.009984061378396691,-0.05753179650238471,-0.09146833215141287
205,0.4401294498381877,0.5,0.5424648618823887,0.5235871647509579,0.5259340222575517,0.5515642142916709,0.08345771491277021,0.025934022257551703,0.009099352409282169
206,0.4401294498381877,0.5,0.4463337199770501,0.4222283055023269,0.4314387917329094,0.48944916445143316,-0.01790114433586082,-0.06856120826709061,0.043115444474383036
207,0.4383116883116883,0.4963235294117647,0.5385045613430784,0.5522001725625539,0.5492845786963434,0.5396249484017461,0.11388848425086562,0.052961049284578676,0.0011203870586676823
208,0.4401294498381877,0.5,0.516566566028831,0.41764601665387113,0.43630763116057236,0.4465440233602501,-0.02248343318431656,-0.06369236883942764,-0.07002254266858088
209,0.4401294498381877,0.5,0.5352402731930759,0.535888310977279,0.5345786963434023,0.5397495108158906,0.09575886113909127,0.03457869634340227,0.0045092376228147435
210,0.4401294498381877,0.5,0.5235041664906671,0.5402468552530562,0.5394475357710652,0.5098372048965265,0.10011740541486847,0.03944753577106519,-0.013666961594140603
211,0.4401294498381877,0.5,0.541767587321374,0.47639899542790903,0.4927464228934817,0.45907398723982856,0.03626954558972134,-0.007253577106518305,-0.08269360008154542
212,0.4383116883116883,0.4963235294117647,0.5252169447528552,0.563351842503786,0.5591216216216216,0.5435811922203931,0.12504015419209769,0.06279809220985688,0.018364247467537953
213,0.4401294498381877,0.5,0.4728714928610547,0.4673645320197044,0.48171701112877585,0.47008627444402673,0.027235082181516712,-0.01828298887122415,-0.002785218417027946
214,0.4401294498381877,0.5,0.5585934087466168,0.49249352890422776,0.497714626391097,0.5280106985215857,0.05236407906604007,-0.0022853736089030185,-0.030582710225031118
215,0.4401294498381877,0.5,0.5431255634239411,0.5322979580097785,0.5320945945945946,0.48875957227455713,0.09216850817159083,0.03209459459459463,-0.05436599114938401
216,0.4401294498381877,0.5,0.535665428351232,0.5738916256157636,0.5676669316375198,0.5859465823336357,0.13376217577757588,0.0676669316375198,0.05028115398240374
217,0.4401294498381877,0.5,0.47735265822461415,0.5480463425715584,0.5456081081081081,0.5305252944832217,0.10791689273337068,0.045608108108108114,0.053172636258607575
218,0.4401294498381877,0.5,0.4894644396775316,0.4383116883116883,0.44495230524642293,0.45718716174863816,-0.001817761526499373,-0.05504769475357707,-0.032277277928893455
219,0.4364820846905538,0.49264705882352944,0.5633992420561602,0.4478627112436561,0.4511128775834658,0.4939733079162223,0.011380626553102346,-0.04153418124006364,-0.06942593413993792
220,0.4401294498381877,0.5,0.4585781390270246,0.44979554747841893,0.45965818759936405,0.5106075087416417,0.009666097640231242,-0.040341812400635946,0.052029369714617135
221,0.4401294498381877,0.5,0.5355907698343843,0.44979554747841893,0.45965818759936405,0.504597253971228,0.009666097640231242,-0.040341812400635946,-0.03099351586315624
222,0.4401294498381877,0.5,0.5238778873089505,0.45851296285359944,0.47068759936407,0.4675718853242116,0.018383513015411745,-0.02931240063592999,-0.05630600198473884
223,0.4401294498381877,0.5,0.5052180377713341,0.4595134443021767,0.46094992050874406,0.5123646933891769,0.01938399446398903,-0.03905007949125594,0.007146655617842779
224,0.4401294498381877,0.5,0.49425032852848205,0.43807948975373534,0.45349761526232113,0.4897121474105564,-0.0020499600844523513,-0.04650238473767887,-0.004538181117925644
225,0.4383116883116883,0.4963235294117647,0.5435933841151377,0.494955185659411,0.4953298887122417,0.4908625185014142,0.05664349734772267,-0.000993640699523013,-0.05273086561372348
226,0.4401294498381877,0.5,0.5360618198435201,0.5402468552530562,0.5394475357710652,0.5451499993874982,0.10011740541486847,0.03944753577106519,0.009088179543978114
227,0.4401294498381877,0.5,0.42425985866808774,0.47639899542790903,0.4927464228934817,0.4794845386546387,0.03626954558972134,-0.007253577106518305,0.05522467998655095
228,0.4401294498381877,0.5,0.4570124738973956,0.4128846706931263,0.4289546899841018,0.47934604136183334,-0.027244779145061404,-0.0710453100158982,0.022333567464437765
229,0.4678742310321258,0.5135135135135135,0.6109398752385498,0.5362470862470863,0.5357710651828299,0.5545845860368407,0.0683728552149605,0.022257551669316422,-0.05635528920170907
230,0.4401294498381877,0.5,0.5334527116126527,0.4980016424856283,0.5001987281399046,0.5121198374357556,0.05787219264744059,0.0001987281399046248,-0.02133287417689711
231,0.4401294498381877,0.5,0.4988254891721199,0.41694752046220507,0.42408585055643877,0.46358128916520164,-0.023181929375982624,-0.07591414944356123,-0.03524420000691825
232,0.4401294498381877,0.5,0.48921406762343345,0.4944805194805195,0.49652225755166934,0.5115469578458561,0.05435106964233183,-0.0034777424483306563,0.022332890222422686
233,0.4401294498381877,0.5,0.4430914686381181,0.5319264069264069,0.530902225755167,0.506287112908947,0.09179695708821922,0.03090222575516699,0.06319564427082891
234,0.4401294498381877,0.5,0.5053046086279324,0.5607278882776132,0.557929252782194,0.5331331872879947,0.12059843843942553,0.05792925278219396,0.027828578660062386
235,0.4401294498381877,0.5,0.4742301624523334,0.5164596273291926,0.5161963434022258,0.527208538127457,0.0763301774910049,0.016196343402225755,0.052978375675123646
236,0.4401294498381877,0.5,0.5265444956426238,0.452689099798677,0.46333465818759934,0.5125456793292058,0.012559649960489305,-0.036665341812400665,-0.013998816313418039
237,0.4401294498381877,0.5,0.5200064615651427,0.5480463425715584,0.5456081081081081,0.5449826810571315,0.10791689273337068,0.045608108108108114,0.024976219491988805
238,0.4401294498381877,0.5,0.4978888455211211,0.4725913143514524,0.48052464228934816,0.5107827041495985,0.032461864513264715,-0.01947535771065184,0.012893858628477362
239,0.48812475009996,0.5196740858505564,0.6252827302427098,0.45851296285359944,0.47068759936407,0.5187250007674064,-0.029611787246360544,-0.0489864864864864,-0.1065577294753034
240,0.4401294498381877,0.5,0.43304286105479356,0.4980016424856283,0.5001987281399046,0.4976799455320651,0.05787219264744059,0.0001987281399046248,0.06463708447727157
241,0.4401294498381877,0.5,0.5218405973917999,0.5322979580097785,0.5320945945945946,0.5420777965982642,0.09216850817159083,0.03209459459459463,0.020237199206464274
242,0.4401294498381877,0.5,0.4935115221188269,0.5319264069264069,0.530902225755167,0.5505091128244327,0.09179695708821922,0.03090222575516699,0.05699759070560584
243,0.4401294498381877,0.5,0.4620110260136497,0.4959207459207459,0.5013910969793323,0.5222870654073748,0.05579129608255823,0.0013910969793322625,0.06027603939372511
244,0.4401294498381877,0.5,0.5366497948525198,0.4725913143514524,0.48052464228934816,0.5008437694382264,0.032461864513264715,-0.01947535771065184,-0.03580602541429345
245,0.4401294498381877,0.5,0.5274382114389982,0.5160839160839161,0.5185810810810811,0.5332599189407273,0.07595446624572844,0.01858108108108114,0.0058217075017291675
246,0.4401294498381877,0.5,0.45737414544261884,0.4411716397481522,0.4486287758346582,0.44428634174767967,0.0010421899099645193,-0.05137122416534179,-0.01308780369493917
247,0.4401294498381877,0.5,0.47535840843076593,0.5028735632183908,0.5087440381558028,0.4834162813489353,0.06274411338020314,0.008744038155802825,0.00805787291816934
248,0.4401294498381877,0.5,0.4670106755327046,0.5015514184397163,0.5038751987281399,0.4698695235974984,0.0614219686015286,0.003875198728139906,0.0028588480647938064
249,0.4364820846905538,0.49264705882352944,0.5442427238848221,0.47247632803723316,0.4756558028616852,0.5125813153393168,0.03599424334667939,-0.016991255961844254,-0.031661408545505254
250,0.4401294498381877,0.5,0.49820323458702187,0.5051320881709574,0.5075516693163752,0.5208119227691858,0.06500263833276976,0.007551669316375187,0.022608688182163883
251,0.4383116883116883,0.4963235294117647,0.5413883306583427,0.535888310977279,0.5345786963434023,0.537132268056881,0.09757662266559064,0.03825516693163755,-0.004256062601461719
252,0.4401294498381877,0.5,0.5316497792916373,0.4460591133004926,0.46452702702702703,0.468465394813804,0.0059296634623048905,-0.03547297297297297,-0.06318438447783326
253,0.4401294498381877,0.5,0.49086931766899766,0.4959207459207459,0.5013910969793323,0.4785171737967752,0.05579129608255823,0.0013910969793322625,-0.012352143872222443
254,0.4383116883116883,0.4963235294117647,0.5772489723205934,0.5402468552530562,0.5394475357710652,0.546311903047275,0.10193516694136784,0.04312400635930047,-0.030937069273318407
255,0.4401294498381877,0.5,0.5270312798975229,0.4056959219858156,0.41792527821939585,0.47856976340445445,-0.03443352785237208,-0.08207472178060415,-0.0484615164930684
256,0.4401294498381877,0.5,0.4681809846983465,0.4694457064970468,0.4768481717011129,0.4561622737264943,0.02931625665885912,-0.023151828298887123,-0.012018710971852198
257,0.4401294498381877,0.5,0.4843134755954721,0.4627329192546584,0.46462639109697934,0.44830661623058954,0.022603469416470734,-0.03537360890302066,-0.03600685936488257
258,0.4401294498381877,0.5,0.452437790816813,0.5169449767314536,0.5173887122416534,0.49302302687308225,0.07681552689326587,0.017388712241653392,0.040585236056269236
259,0.4678742310321258,0.5135135135135135,0.5570991566359041,0.5967365967365967,0.5873410174880763,0.610270052612964,0.12886236570447096,0.07382750397456284,0.05317089597705982
260,0.4401294498381877,0.5,0.4368548437968377,0.5169449767314536,0.5173887122416534,0.555368280567244,0.07681552689326587,0.017388712241653392,0.11851343677040627
261,0.4401294498381877,0.5,0.5186971827267967,0.47894643595346365,0.4878775834658188,0.5230863336604673,0.03881698611527595,-0.012122416534181224,0.004389150933670649
262,0.4383116883116883,0.4963235294117647,0.5703780419776494,0.5676965015901863,0.5627980922098569,0.5389669784572177,0.12938481327849793,0.06647456279809216,-0.03141106352043166
263,0.4401294498381877,0.5,0.4955193812132659,0.5064044193528805,0.5124205087440381,0.5472646560919403,0.0662749695146928,0.012420508744038106,0.05174527487867442
264,0.4401294498381877,0.5,0.4787239903835392,0.5160839160839161,0.5185810810810811,0.5122008909876623,0.07595446624572844,0.01858108108108114,0.033476900604123117
265,0.4401294498381877,0.5,0.5238274118016533,0.49249352890422776,0.497714626391097,0.4993974013919713,0.05236407906604007,-0.0022853736089030185,-0.024430010409681957
266,0.4401294498381877,0.5,0.4734831998798703,0.5590647163120568,0.5554451510333863,0.5444503411368908,0.1189352664738691,0.05544515103338632,0.07096714125702053
267,0.4401294498381877,0.5,0.5015610763000805,0.452689099798677,0.46333465818759934,0.437929113958775,0.012559649960489305,-0.036665341812400665,-0.06363196234130553
268,0.4383116883116883,0.4963235294117647,0.5641296523460166,0.4790583082398029,0.48300874403815586,0.4953086103501556,0.04074661992811457,-0.013314785373608862,-0.06882104199586103
269,0.4401294498381877,0.5,0.5128003852224504,0.5021712970229686,0.5026828298887123,0.4901424135316614,0.062041847184780896,0.002682829888712268,-0.022657971690789036
270,0.4401294498381877,0.5,0.4906492533917863,0.38652482269503546,0.4007352941176471,0.4211036177590541,-0.05360462714315223,-0.09926470588235292,-0.0695456356327322
271,0.4401294498381877,0.5,0.4994146948008074,0.5087460245343026,0.5112281399046106,0.5185086811166346,0.06861657469611493,0.011228139904610579,0.019093986315827205
272,0.4401294498381877,0.5,0.523188802180443,0.4980016424856283,0.5001987281399046,0.4701986016935684,0.05787219264744059,0.0001987281399046248,-0.05299020048687453
273,0.4401294498381877,0.5,0.4786068018882544,0.47575757575757577,0.4842011128775835,0.5142515456001889,0.035628125919388076,-0.015798887122416505,0.035644743711934546
274,0.4401294498381877,0.5,0.49585430418404175,0.4318372078047524,0.45836645468998405,0.52794002706468,-0.008292242033435315,-0.04163354531001595,0.03208572288063827
275,0.4383116883116883,0.4963235294117647,0.5037684285791602,0.4433922175681418,0.46085055643879175,0.4421274629999882,0.00508052925645347,-0.03547297297297297,-0.06164096557917198
276,0.4401294498381877,0.5,0.543518383749757,0.5465147381372706,0.5444157392686805,0.5408457779416,0.10638528829908289,0.044415739268680476,-0.0026726058081569803
277,0.4401294498381877,0.5,0.4819551485244712,0.5280051356122613,0.5272257551669317,0.5044885715114813,0.08787568577407356,0.02722575516693171,0.02253342298701011
278,0.4401294498381877,0.5,0.5068570232354831,0.4725913143514524,0.48052464228934816,0.5265544902932611,0.032461864513264715,-0.01947535771065184,0.019697467057777973
279,0.4383116883116883,0.4963235294117647,0.5476748918031848,0.47247632803723316,0.4756558028616852,0.4824988943077611,0.03416463972554484,-0.020667726550079535,-0.06517599749542374
280,0.4401294498381877,0.5,0.44057739303681653,0.535888310977279,0.5345786963434023,0.49062363374126033,0.09575886113909127,0.03457869634340227,0.0500462407044438
281,0.4401294498381877,0.5,0.4558668041980062,0.4614463601532567,0.4743640699523053,0.4970514860545271,0.021316910315068993,-0.02563593004769471,0.04118468185652091
282,0.4383116883116883,0.4963235294117647,0.48063753190556063,0.4694457064970468,0.4768481717011129,0.4889896071672166,0.031134018185358492,-0.01947535771065184,0.008352075261655989
283,0.4401294498381877,0.5,0.4730585636112579,0.4980016424856283,0.5001987281399046,0.5392294383285035,0.05787219264744059,0.0001987281399046248,0.06617087471724553
284,0.4401294498381877,0.5,0.4892555961805153,0.5015514184397163,0.5038751987281399,0.5002765800849683,0.0614219686015286,0.003875198728139906,0.011020983904453052
285,0.4401294498381877,0.5,0.5351055165551433,0.5564798828022812,0.5542527821939587,0.5568605998154679,0.11635043296409353,0.05425278219395868,0.021755083260324604
286,0.4401294498381877,0.5,0.5051550347870942,0.5207225177304964,0.5210651828298887,0.5172959218238203,0.08059306789230869,0.021065182829888673,0.012140887036726111
287,0.4401294498381877,0.5,0.5367050409759402,0.4944805194805195,0.49652225755166934,0.5100401576988103,0.05435106964233183,-0.0034777424483306563,-0.026664883277129903
288,0.4401294498381877,0.5,0.4835166342269596,0.5132034632034632,0.5137122416534181,0.5208834957523678,0.07307401336527553,0.013712241653418111,0.03736686152540819
289,0.4401294498381877,0.5,0.433041480016101,0.5064044193528805,0.5124205087440381,0.4506564942701162,0.0662749695146928,0.012420508744038106,0.017615014254015238
290,0.4401294498381877,0.5,0.5053927440064859,0.46320921985815605,0.4694952305246423,0.48299645880629793,0.02307977001996836,-0.030504769475357685,-0.022396285200187993
291,0.4401294498381877,0.5,0.4411692260333371,0.4694457064970468,0.4768481717011129,0.5048847873464457,0.02931625665885912,-0.023151828298887123,0.06371556131310863
292,0.4401294498381877,0.5,0.4926484432976692,0.5280051356122613,0.5272257551669317,0.5360927163392135,0.08787568577407356,0.02722575516693171,0.0434442730415443
293,0.4401294498381877,0.5,0.5031736310421787,0.5123957434570032,0.5149046104928459,0.60470823064048,0.07226629361881554,0.01490461049284586,0.10153459959830125
294,0.4309210526315789,0.48161764705882354,0.6081058257079933,0.5274084866144599,0.529610492845787,0.5945310080209392,0.09648743398288101,0.047992845786963445,-0.013574817687054153
295,0.4401294498381877,0.5,0.4914286115164834,0.43807948975373534,0.45349761526232113,0.4647285869481902,-0.0020499600844523513,-0.04650238473767887,-0.026700024568293235
296,0.4401294498381877,0.5,0.48638266310226236,0.452689099798677,0.46333465818759934,0.4946671993327348,0.012559649960489305,-0.036665341812400665,0.008284536230472428
297,0.494278793953061,0.527027027027027,0.5654892775512964,0.5283961835529305,0.5284181240063593,0.4963247747509341,0.034117389599869485,0.0013910969793323735,-0.06916450280036229
298,0.4401294498381877,0.5,0.4622087767515643,0.5087460245343026,0.5112281399046106,0.5254352591803337,0.06861657469611493,0.011228139904610579,0.06322648242876944
299,0.4401294498381877,0.5,0.5642076973206849,0.44979554747841893,0.45965818759936405,0.48665032144919884,0.009666097640231242,-0.040341812400635946,-0.07755737587148603
300,0.4383116883116883,0.4963235294117647,0.49356773591667624,0.5676965015901863,0.5627980922098569,0.5834982115056864,0.12938481327849793,0.06647456279809216,0.08993047558901013
301,0.4401294498381877,0.5,0.4445322169136777,0.5094955330872519,0.5100357710651828,0.5352626392155607,0.06936608324906424,0.01003577106518283,0.090730422301883
302,0.4401294498381877,0.5,0.4442044142866043,0.5160839160839161,0.5185810810810811,0.5276892161271652,0.07595446624572844,0.01858108108108114,0.08348480184056095
303,0.4401294498381877,0.5,0.45851446588665323,0.5676965015901863,0.5627980922098569,0.5441897326769966,0.12756705175199856,0.06279809220985688,0.08567526679034332
304,0.4401294498381877,0.5,0.5160767097042294,0.5123957434570032,0.5149046104928459,0.5274868794652021,0.07226629361881554,0.01490461049284586,0.011410169760972755
305,0.4401294498381877,0.5,0.5247993695931581,0.452689099798677,0.46333465818759934,0.49080005052012365,0.012559649960489305,-0.036665341812400665,-0.03399931907303444
306,0.4401294498381877,0.5,0.5079253636729648,0.5021712970229686,0.5026828298887123,0.5038453277790846,0.062041847184780896,0.002682829888712268,-0.004080035893880174
307,0.4401294498381877,0.5,0.49683539408114996,0.452689099798677,0.46333465818759934,0.5241195076366885,0.012559649960489305,-0.036665341812400665,0.027284113555538503
308,0.4401294498381877,0.5,0.5342739490189722,0.5207225177304964,0.5210651828298887,0.5058154344997083,0.08059306789230869,0.021065182829888673,-0.028458514519263844
309,0.4401294498381877,0.5,0.4686994190777405,0.46320921985815605,0.4694952305246423,0.47175347188501715,0.02307977001996836,-0.030504769475357685,0.0030540528072766637
310,0.4401294498381877,0.5,0.4299662167330501,0.535888310977279,0.5345786963434023,0.5356784697779556,0.09575886113909127,0.03457869634340227,0.10571225304490556
311,0.4401294498381877,0.5,0.4895579944276754,0.4890958655156747,0.4940381558028617,0.4971261411380321,0.048966415677486996,-0.0059618441971383,0.007568146710356716
312,0.4401294498381877,0.5,0.4936782857232608,0.43574690150032613,0.4364069952305246,0.46262132862982874,-0.004382548337861558,-0.06359300476947538,-0.031056957093432036
313,0.4401294498381877,0.5,0.5397632288322771,0.5172501268391679,0.5234499205087441,0.4994473072306824,0.07712067700098024,0.02344992050874406,-0.040315921601594695
314,0.4401294498381877,0.5,0.5161556076374341,0.4469123338381289,0.4559817170111288,0.49085899207579203,0.006782883999941203,-0.04401828298887123,-0.025296615561642033
315,0.4401294498381877,0.5,0.4914366734681381,0.5202741589494061,0.519872813990461,0.5525286162211195,0.0801447091112184,0.019872813990461036,0.06109194275298141
316,0.4401294498381877,0.5,0.509810506191722,0.46921286500211595,0.4719793322734499,0.5126176552912223,0.02908341516392826,-0.028020667726550097,0.0028071490995003057
317,0.4401294498381877,0.5,0.5645445791593142,0.4694457064970468,0.4768481717011129,0.5222938647937727,0.02931625665885912,-0.023151828298887123,-0.04225071436554151
318,0.4678742310321258,0.5135135135135135,0.5758364525704012,0.5548316452231044,0.551768680445151,0.5499456221590642,0.08695741419097858,0.03825516693163755,-0.025890830411336996
319,0.4401294498381877,0.5,0.5123002465128929,0.46320921985815605,0.4694952305246423,0.4869203847960692,0.02307977001996836,-0.030504769475357685,-0.02537986171682366
320,0.4401294498381877,0.5,0.5110508512751792,0.5241218789674144,0.5235492845786964,0.5100335845619323,0.08399242912922666,0.023549284578696428,-0.0010172667132469781
321,0.4401294498381877,0.5,0.42074235545977284,0.45851296285359944,0.47068759936407,0.5041515709614406,0.018383513015411745,-0.02931240063592999,0.08340921550166774
322,0.4401294498381877,0.5,0.49976922929289425,0.4663189186157384,0.4731717011128776,0.45666938795820944,0.026189468777550684,-0.026828298887122404,-0.04309984133468481
323,0.47922937989163156,0.5086446740858506,0.5936655185066986,0.42475369458128076,0.4473370429252782,0.4980270760410541,-0.0544756853103508,-0.06130763116057236,-0.09563844246564446
324,0.4401294498381877,0.5,0.49034605052015945,0.4383116883116883,0.44495230524642293,0.49404231447601743,-0.001817761526499373,-0.05504769475357707,0.0036962639558579813
325,0.4383116883116883,0.4963235294117647,0.47598945794812164,0.4886699507389163,0.4989069952305246,0.5370880901607545,0.05035826242722796,0.0025834658187599002,0.0610986322126329
326,0.4401294498381877,0.5,0.555885376712379,0.5782358156028369,0.5726351351351351,0.5784314894990485,0.13810636576464919,0.07263513513513509,0.022546112786669514
327,0.4401294498381877,0.5,0.4320359266945387,0.5207225177304964,0.5210651828298887,0.5322925521430943,0.08059306789230869,0.021065182829888673,0.10025662544855563
328,0.4401294498381877,0.5,0.5215337165287572,0.4857255033933479,0.4903616852146264,0.49358168655328527,0.04559605355516022,-0.00963831478537358,-0.02795202997547197
329,0.4401294498381877,0.5,0.520588255215437,0.5132034632034632,0.5137122416534181,0.5199674236481794,0.07307401336527553,0.013712241653418111,-0.0006208315672575626
330,0.4401294498381877,0.5,0.5066815421080066,0.585727969348659,0.5775039745627981,0.6042355039493869,0.1455985195104713,0.07750397456279812,0.09755396184138021
331,0.4401294498381877,0.5,0.5230214259535411,0.5402468552530562,0.5394475357710652,0.5844922528726038,0.10011740541486847,0.03944753577106519,0.06147082691906269
332,0.4401294498381877,0.5,0.4958897339157193,0.43655699567962775,0.4657193958664547,0.4500113398861569,-0.0035724541585599456,-0.03428060413354528,-0.0458783940295624
333,0.4401294498381877,0.5,0.5177609356961341,0.5481177976952625,0.5468998410174881,0.5411573543796017,0.10798834785707478,0.04689984101748812,0.023396418683467535
334,0.4383116883116883,0.4963235294117647,0.5267924963854159,0.5241218789674144,0.5235492845786964,0.5068083437788061,0.08581019065572604,0.02722575516693171,-0.019984152606609795
335,0.4401294498381877,0.5,0.47674856679391087,0.4487347703842549,0.4682034976152623,0.4964518435183084,0.008605320546067219,-0.03179650238473769,0.019703276724397534
336,0.4383116883116883,0.4963235294117647,0.5493725457022698,0.5132034632034632,0.5137122416534181,0.50618328150677,0.0748917748917749,0.017388712241653392,-0.04318926419549973
337,0.4401294498381877,0.5,0.4904453589865888,0.5089213300892133,0.5088434022257552,0.5467963697054173,0.06879188025102556,0.008843402225755193,0.05635101071882853
338,0.4401294498381877,0.5,0.47839428620286417,0.4622972972972973,0.48658585055643877,0.47433375121925536,0.022167847459109602,-0.01341414944356123,-0.00406053498360881
339,0.4401294498381877,0.5,0.5161239479541044,0.5506493506493506,0.5480922098569158,0.5609847284990552,0.11051990081116292,0.04809220985691576,0.044860780544950796
340,0.4401294498381877,0.5,0.47720682455298163,0.4433922175681418,0.46085055643879175,0.5183029378174636,0.003262767729954097,-0.03914944356120825,0.04109611326448198
341,0.4401294498381877,0.5,0.5135268329175465,0.4890958655156747,0.4940381558028617,0.5348988436373783,0.048966415677486996,-0.0059618441971383,0.021372010719831747
342,0.4401294498381877,0.5,0.5149435451169375,0.49855072463768113,0.499006359300477,0.5055054688857338,0.05842127479949344,-0.000993640699523013,-0.00943807623120374
343,0.4401294498381877,0.5,0.531176120834386,0.47723431498079383,0.4781399046104928,0.48350278699606086,0.037104865142606136,-0.021860095389507173,-0.04767333383832517
344,0.4401294498381877,0.5,0.5736444276512321,0.4460591133004926,0.46452702702702703,0.5203299856561137,0.0059296634623048905,-0.03547297297297297,-0.05331444199511848
345,0.4401294498381877,0.5,0.4878588433860269,0.49138280616382807,0.4916534181240063,0.47044658035437603,0.051253356325640376,-0.008346581875993686,-0.017412263031650888
346,0.4401294498381877,0.5,0.48869014983183834,0.5245386729485669,0.5247416534181241,0.5426887855304591,0.08440922311037924,0.024741653418124065,0.053998635698620734
347,0.4401294498381877,0.5,0.49813893416468424,0.5021712970229686,0.5026828298887123,0.5652410249871382,0.062041847184780896,0.002682829888712268,0.067102090822454
348,0.4383116883116883,0.4963235294117647,0.5116137276928339,0.5245386729485669,0.5247416534181241,0.5714265388408448,0.08622698463687861,0.028418124006359347,0.05981281114801096
349,0.4401294498381877,0.5,0.5266083307139702,0.5564102564102564,0.5529610492845787,0.5773185639041559,0.11628080657206874,0.052961049284578676,0.05071023319018575
350,0.4401294498381877,0.5,0.5070840588759283,0.49249352890422776,0.497714626391097,0.5075660571855998,0.05236407906604007,-0.0022853736089030185,0.00048199830967143864
351,0.4653804393218074,0.5098370429252782,0.5835413843039454,0.4959207459207459,0.5013910969793323,0.5495536961054941,0.030540306598938527,-0.008445945945945943,-0.03398768819845133
352,0.4401294498381877,0.5,0.4893154551592967,0.4854003520913009,0.49523052464228934,0.5433294933300137,0.0452709022531132,-0.004769475357710662,0.05401403817071698
353,0.4401294498381877,0.5,0.47194631598782816,0.4469123338381289,0.4559817170111288,0.4520598763505917,0.006782883999941203,-0.04401828298887123,-0.019886439637236464
354,0.4401294498381877,0.5,0.48801938829472896,0.49197125898156824,0.50258346581876,0.5252314134926219,0.051841809143380546,0.0025834658187600112,0.03721202519789296
355,0.4401294498381877,0.5,0.48144576170454123,0.5606803283529204,0.556637519872814,0.5915466106172822,0.12055087851473267,0.05663751987281396,0.11010084891274097
356,0.4653804393218074,0.5098370429252782,0.5884424528908786,0.5835595390524968,0.5812798092209857,0.5750450936011439,0.11817909973068941,0.07144276629570745,-0.013397359289734734
357,0.4401294498381877,0.5,0.4516396148775826,0.5676965015901863,0.5627980922098569,0.5391652608049521,0.12756705175199856,0.06279809220985688,0.0875256459273695
358,0.4401294498381877,0.5,0.4417604757175584,0.4659655731700936,0.4683028616852146,0.4577733825731809,0.025836123331905936,-0.03169713831478538,0.01601290685562251
359,0.4401294498381877,0.5,0.5376451474442265,0.5235871647509579,0.5259340222575517,0.5382462848249382,0.08345771491277021,0.025934022257551703,0.0006011373807116582
360,0.4401294498381877,0.5,0.4932874873679211,0.4469123338381289,0.4559817170111288,0.4610132486261034,0.006782883999941203,-0.04401828298887123,-0.03227423874181773
361,0.4401294498381877,0.5,0.46517782817152326,0.4993799090533278,0.5050675675675675,0.5419414541350742,0.059250459215140105,0.0050675675675675436,0.07676362596355096
362,0.4401294498381877,0.5,0.5163106619815824,0.5135895032802249,0.5197734499205088,0.4934412727150239,0.07346005344203721,0.01977344992050878,-0.02286938926655846
363,0.4383116883116883,0.4963235294117647,0.49246483636375366,0.42475369458128076,0.4473370429252782,0.45500939838583987,-0.013557993730407558,-0.048986486486486513,-0.037455437977913786
364,0.4401294498381877,0.5,0.4660476753909393,0.4509098603470165,0.45478934817170114,0.458070117559629,0.01078041050882883,-0.045210651828298865,-0.007977557831310267
365,0.4401294498381877,0.5,0.47135286019897416,0.4944805194805195,0.49652225755166934,0.5189257779199588,0.05435106964233183,-0.0034777424483306563,0.0475729177209846
366,0.4401294498381877,0.5,0.4997742511312965,0.42975984931721867,0.433922893481717,0.49792449849136894,-0.010369600520969025,-0.06607710651828302,-0.0018497526399275377
367,0.4401294498381877,0.5,0.4716119319867564,0.5207225177304964,0.5210651828298887,0.5163046096471262,0.08059306789230869,0.021065182829888673,0.04469267766036983
368,0.4401294498381877,0.5,0.4532656612613577,0.4433922175681418,0.46085055643879175,0.48216217210071216,0.003262767729954097,-0.03914944356120825,0.02889651083935446
369,0.4401294498381877,0.5,0.5485783806637105,0.4980016424856283,0.5001987281399046,0.4654928677018979,0.05787219264744059,0.0001987281399046248,-0.08308551296181255
370,0.4401294498381877,0.5,0.47682958740061787,0.46439628482972134,0.47804054054054057,0.4773560427890443,0.024266834991533648,-0.02195945945945943,0.0005264553884264389
371,0.4401294498381877,0.5,0.515183791237019,0.4509098603470165,0.45478934817170114,0.4929072084661067,0.01078041050882883,-0.045210651828298865,-0.022276582770912268
372,0.4401294498381877,0.5,0.4952112675542786,0.5198133821531921,0.5222575516693164,0.5184075024680194,0.07968393231500437,0.022257551669316422,0.023196234913740787
373,0.4383116883116883,0.4963235294117647,0.5239474418588272,0.45851296285359944,0.47068759936407,0.5336369888995303,0.02020127454191112,-0.02563593004769471,0.009689547040703017
374,0.4401294498381877,0.5,0.45911345691501215,0.5160839160839161,0.5185810810810811,0.4853927010679027,0.07595446624572844,0.01858108108108114,0.02627924415289057
375,0.4401294498381877,0.5,0.5446815104332983,0.4738442822384428,0.47446343402225755,0.5263779948254554,0.033714832400255135,-0.025536565977742454,-0.018303515607842824
376,0.4401294498381877,0.5,0.491034020195552,0.4980016424856283,0.5001987281399046,0.5738912566345398,0.05787219264744059,0.0001987281399046248,0.08285723643898779
377,0.4401294498381877,0.5,0.4588009739664954,0.4469123338381289,0.4559817170111288,0.4754991391173141,0.006782883999941203,-0.04401828298887123,0.016698165150818733
378,0.4401294498381877,0.5,0.49132886214954785,0.5362470862470863,0.5357710651828299,0.5519622716016258,0.09611763640889859,0.03577106518282991,0.06063340945207796
379,0.4383116883116883,0.4963235294117647,0.538439537853628,0.49098593056224255,0.492845786963434,0.5470984729383583,0.052674242250554226,-0.0034777424483307118,0.008658935084730368
380,0.4401294498381877,0.5,0.5327258124982946,0.4854003520913009,0.49523052464228934,0.4855284350487792,0.0452709022531132,-0.004769475357710662,-0.047197377449515465
381,0.4383116883116883,0.4963235294117647,0.5609694637698879,0.47247632803723316,0.4756558028616852,0.5213895047444523,0.03416463972554484,-0.020667726550079535,-0.03957995902543554
382,0.4401294498381877,0.5,0.5274674011117277,0.5280051356122613,0.5272257551669317,0.5453422596979887,0.08787568577407356,0.02722575516693171,0.017874858586260922
383,0.4401294498381877,0.5,0.49894472314008836,0.5398936170212766,0.5382551669316376,0.536670272480396,0.09976416718308889,0.03825516693163755,0.03772554934030764
384,0.4364820846905538,0.49264705882352944,0.5257393525488344,0.5319264069264069,0.530902225755167,0.5619839439378986,0.09544432223585314,0.03825516693163755,0.03624459138906422
385,0.4401294498381877,0.5,0.5371715779752226,0.5207225177304964,0.5210651828298887,0.5250512627362793,0.08059306789230869,0.021065182829888673,-0.012120315238943302
386,0.4401294498381877,0.5,0.4903651026396055,0.5087460245343026,0.5112281399046106,0.5032683245680613,0.06861657469611493,0.011228139904610579,0.012903221928455777
387,0.4401294498381877,0.5,0.4697182874613044,0.5274084866144599,0.529610492845787,0.5638506989669334,0.08727903677627225,0.029610492845786984,0.09413241150562901
388,0.4401294498381877,0.5,0.5360412905786247,0.5245386729485669,0.5247416534181241,0.5196238497584296,0.08440922311037924,0.024741653418124065,-0.01641744082019514
389,0.4401294498381877,0.5,0.513449932553624,0.5319264069264069,0.530902225755167,0.5155853409918754,0.09179695708821922,0.03090222575516699,0.0021354084382513294
390,0.4401294498381877,0.5,0.4757923282073543,0.5132034632034632,0.5137122416534181,0.5110765448176819,0.07307401336527553,0.013712241653418111,0.03528421661032766
391,0.4401294498381877,0.5,0.4376516271221406,0.47894643595346365,0.4878775834658188,0.4600531898524005,0.03881698611527595,-0.012122416534181224,0.022401562730259894
392,0.4653804393218074,0.5098370429252782,0.534681928759096,0.5398936170212766,0.5382551669316376,0.5330717668207077,0.07451317769946919,0.028418124006359347,-0.0016101619383883659
393,0.4401294498381877,0.5,0.47552440961834547,0.4959207459207459,0.5013910969793323,0.519781372033798,0.05579129608255823,0.0013910969793322625,0.04425696241545257
394,0.4401294498381877,0.5,0.46335777364704833,0.4986798892394874,0.5099364069952306,0.5271877063541638,0.058550439401299725,0.009936406995230573,0.06382993270711546
395,0.4401294498381877,0.5,0.49873044304534275,0.5480463425715584,0.5456081081081081,0.5589711218598358,0.10791689273337068,0.045608108108108114,0.06024067881449302
396,0.4401294498381877,0.5,0.49365324197523985,0.5160839160839161,0.5185810810810811,0.5218314205097655,0.07595446624572844,0.01858108108108114,0.028178178534525644
397,0.4401294498381877,0.5,0.47286872096530663,0.535888310977279,0.5345786963434023,0.5440304605135224,0.09575886113909127,0.03457869634340227,0.07116173954821581
398,0.4401294498381877,0.5,0.4607236786722192,0.4433922175681418,0.46085055643879175,0.46309924504540545,0.003262767729954097,-0.03914944356120825,0.0023755663731862553
399,0.4401294498381877,0.5,0.4903993148102727,0.45851296285359944,0.47068759936407,0.4715552496493811,0.018383513015411745,-0.02931240063592999,-0.0188440651608916
400,0.4401294498381877,0.5,0.5041738781712739,0.5522001725625539,0.5492845786963434,0.6285906443994296,0.11207072272436625,0.049284578696343395,0.12441676622815567
401,0.4401294498381877,0.5,0.49112596020091204,0.46439628482972134,0.47804054054054057,0.4905418492001511,0.024266834991533648,-0.02195945945945943,-0.0005841110007609451
402,0.4383116883116883,0.4963235294117647,0.45246878043154765,0.5480463425715584,0.5456081081081081,0.5263820590867145,0.10973465425987006,0.049284578696343395,0.07391327865516689
403,0.4401294498381877,0.5,0.487489172508119,0.5506493506493506,0.5480922098569158,0.5589281779770611,0.11051990081116292,0.04809220985691576,0.07143900546894205
404,0.4401294498381877,0.5,0.5547411043836431,0.5319264069264069,0.530902225755167,0.5050558992062074,0.09179695708821922,0.03090222575516699,-0.04968520517743569
405,0.4401294498381877,0.5,0.5031606328121984,0.5094955330872519,0.5100357710651828,0.5072531140695803,0.06936608324906424,0.01003577106518283,0.00409248125738193
406,0.4401294498381877,0.5,0.43068233182264054,0.5051320881709574,0.5075516693163752,0.5440610077482366,0.06500263833276976,0.007551669316375187,0.11337867592559608
407,0.4401294498381877,0.5,0.5086599856656642,0.5398936170212766,0.5382551669316376,0.5401039825601077,0.09976416718308889,0.03825516693163755,0.03144399689444355
408,0.4401294498381877,0.5,0.43475465487016796,0.4890958655156747,0.4940381558028617,0.5320948317661596,0.048966415677486996,-0.0059618441971383,0.09734017689599161
409,0.4401294498381877,0.5,0.5713743661573999,0.47575757575757577,0.4842011128775835,0.5040171268575679,0.035628125919388076,-0.015798887122416505,-0.06735723929983195
410,0.4401294498381877,0.5,0.47934963267662045,0.452689099798677,0.46333465818759934,0.491519246796978,0.012559649960489305,-0.036665341812400665,0.012169614120357553
411,0.4401294498381877,0.5,0.5033007691176836,0.47575757575757577,0.4842011128775835,0.4985133568733162,0.035628125919388076,-0.015798887122416505,-0.004787412244367406
412,0.4401294498381877,0.5,0.47106449241422577,0.43278688524590164,0.44614467408585057,0.48937968091074086,-0.007342564592286049,-0.05385532591414943,0.01831518849651509
413,0.4401294498381877,0.5,0.5322007055419244,0.4694457064970468,0.4768481717011129,0.5167502317640746,0.02931625665885912,-0.023151828298887123,-0.015450473777849805
414,0.4401294498381877,0.5,0.5326174884882708,0.47575757575757577,0.47933227344992047,0.532602960892685,0.035628125919388076,-0.020667726550079535,-1.4527595585844821e-05
415,0.4678742310321258,0.5135135135135135,0.5329383915701946,0.5087460245343026,0.5112281399046106,0.5333552791186325,0.040871793502176845,-0.0022853736089029075,0.0004168875484378276
416,0.4401294498381877,0.5,0.4533881773496858,0.49249352890422776,0.497714626391097,0.558127608353928,0.05236407906604007,-0.0022853736089030185,0.10473943100424227
417,0.4401294498381877,0.5,0.44915386059778245,0.47894643595346365,0.4878775834658188,0.47767860732988077,0.03881698611527595,-0.012122416534181224,0.028524746732098316
418,0.4401294498381877,0.5,0.5219847864387936,0.47894643595346365,0.4878775834658188,0.530527837508906,0.03881698611527595,-0.012122416534181224,0.008543051070112329
419,0.4401294498381877,0.5,0.5097473871675067,0.5402468552530562,0.5394475357710652,0.543767818793882,0.10011740541486847,0.03944753577106519,0.03402043162637536
420,0.4383116883116883,0.4963235294117647,0.509564632635762,0.4890958655156747,0.4940381558028617,0.48286287841596875,0.05078417720398637,-0.0022853736089030185,-0.02670175421979326
421,0.4401294498381877,0.5,0.49840179260600725,0.4890958655156747,0.4940381558028617,0.5470275615717478,0.048966415677486996,-0.0059618441971383,0.04862576896574056
422,0.4401294498381877,0.5,0.5520438537008117,0.46011497399397755,0.465818759936407,0.46436898328340886,0.019985524155789858,-0.03418124006359302,-0.0876748704174028
423,0.4401294498381877,0.5,0.49212982971094094,0.47575757575757577,0.4842011128775835,0.500109810408675,0.035628125919388076,-0.015798887122416505,0.007979980697734035
424,0.4401294498381877,0.5,0.4946469700916843,0.5235871647509579,0.5259340222575517,0.4953917577787668,0.08345771491277021,0.025934022257551703,0.0007447876870825265
425,0.4401294498381877,0.5,0.48840622303595194,0.5207225177304964,0.5210651828298887,0.5672853708254222,0.08059306789230869,0.021065182829888673,0.07887914778947025
426,0.4401294498381877,0.5,0.4674405056833873,0.4469123338381289,0.4559817170111288,0.4804189800484341,0.006782883999941203,-0.04401828298887123,0.012978474365046788
427,0.4401294498381877,0.5,0.4840728261990988,0.4673645320197044,0.48171701112877585,0.47592733965023476,0.027235082181516712,-0.01828298887122415,-0.008145486548864045
428,0.4401294498381877,0.5,0.4824443248163123,0.45142059868087264,0.4718799682034976,0.44051699386959686,0.01129114884268495,-0.02812003179650241,-0.04192733094671541
429,0.4401294498381877,0.5,0.4721384431158193,0.42238815030656224,0.4436605723370429,0.4765399935909481,-0.017741299531625454,-0.056339427662957076,0.0044015504751288015
430,0.4401294498381877,0.5,0.4921128512850594,0.5564102564102564,0.5529610492845787,0.5616190682733317,0.11628080657206874,0.052961049284578676,0.06950621698827236
431,0.4401294498381877,0.5,0.4489531681822364,0.4222283055023269,0.4314387917329094,0.4622061211884694,-0.01790114433586082,-0.06856120826709061,0.01325295300623297
432,0.4383116883116883,0.4963235294117647,0.5039284166758131,0.46011497399397755,0.465818759936407,0.469900094295948,0.02180328568228923,-0.03050476947535774,-0.03402832237986514
433,0.4401294498381877,0.5,0.47882720321321487,0.42975984931721867,0.433922893481717,0.4417150953869793,-0.010369600520969025,-0.06607710651828302,-0.037112107826235585
434,0.4401294498381877,0.5,0.531394454659561,0.467110492845787,0.467110492845787,0.484779978348343,0.026981043007599292,-0.032889507154213016,-0.04661447631121801
435,0.4401294498381877,0.5,0.509619853246129,0.5564102564102564,0.5529610492845787,0.5496588222869407,0.11628080657206874,0.052961049284578676,0.04003896904081172
436,0.4401294498381877,0.5,0.5467192632331621,0.5241218789674144,0.5235492845786964,0.5682224498019071,0.08399242912922666,0.023549284578696428,0.021503186568744947
437,0.4401294498381877,0.5,0.5184998345915427,0.48751586965721544,0.4891693163751987,0.48318827645011087,0.04738641981902775,-0.010830683624801274,-0.03531155814143183
438,0.4401294498381877,0.5,0.5121216121401992,0.4725913143514524,0.48052464228934816,0.4967320728488345,0.032461864513264715,-0.01947535771065184,-0.015389539291364718
439,0.4401294498381877,0.5,0.5007788938076467,0.5015514184397163,0.5038751987281399,0.5204070925039637,0.0614219686015286,0.003875198728139906,0.019628198696316934
440,0.4401294498381877,0.5,0.4824188476753987,0.4725913143514524,0.48052464228934816,0.5367075793693703,0.032461864513264715,-0.01947535771065184,0.05428873169397158
441,0.4401294498381877,0.5,0.5192918149802057,0.5383770208758437,0.5370627980922099,0.5102924398468931,0.09824757103765602,0.037062798092209914,-0.008999375133312615
442,0.4401294498381877,0.5,0.4636878275100687,0.4383116883116883,0.44495230524642293,0.4804306672867204,-0.001817761526499373,-0.05504769475357707,0.016742839776651697
443,0.4401294498381877,0.5,0.4564784618378139,0.4032849712565015,0.41424880763116056,0.4317300963786844,-0.03684447858168621,-0.08575119236883944,-0.02474836545912945
444,0.4401294498381877,0.5,0.45540041322165303,0.48238031914893614,0.48668521462639114,0.48728321555532506,0.04225086931074845,-0.013314785373608862,0.03188280233367202
445,0.4401294498381877,0.5,0.4731031585147456,0.4993799090533278,0.5050675675675675,0.5420396117174511,0.059250459215140105,0.0050675675675675436,0.06893645320270547
446,0.4401294498381877,0.5,0.46521586939719567,0.4222283055023269,0.4314387917329094,0.4885672473991999,-0.01790114433586082,-0.06856120826709061,0.02335137800200421
447,0.4401294498381877,0.5,0.5104888457238471,0.47035301468291163,0.48539348171701113,0.47786985339705634,0.030223564844723938,-0.014606518282988867,-0.032618992326790774
448,0.4401294498381877,0.5,0.49788487216631727,0.47247632803723316,0.4756558028616852,0.527622192210627,0.03234687819904547,-0.024344197138314816,0.029737320044309734
449,0.4401294498381877,0.5,0.45914706261876426,0.46011497399397755,0.465818759936407,0.4816414475235277,0.019985524155789858,-0.03418124006359302,0.022494384904763465
450,0.4401294498381877,0.5,0.48625550716833676,0.563351842503786,0.5591216216216216,0.5762749866185792,0.12322239266559831,0.0591216216216216,0.09001947945024247
451,0.4401294498381877,0.5,0.5679127436367127,0.48406843509653114,0.48549284578696345,0.5187573057505669,0.043938985258343444,-0.014507154213036555,-0.04915543788614585
452,0.4401294498381877,0.5,0.5194923205583126,0.5241218789674144,0.5235492845786964,0.5444088865285684,0.08399242912922666,0.023549284578696428,0.024916565970255822
453,0.4364820846905538,0.49264705882352944,0.5601405741309898,0.5548316452231044,0.551768680445151,0.5471153923214365,0.11834956053255058,0.0591216216216216,-0.013025181809553366
454,0.4401294498381877,0.5,0.5678965569051351,0.5132034632034632,0.5137122416534181,0.5064398145174258,0.07307401336527553,0.013712241653418111,-0.06145674238770926
455,0.4401294498381877,0.5,0.4856842018838856,0.46011497399397755,0.465818759936407,0.48231222359159115,0.019985524155789858,-0.03418124006359302,-0.003371978292294464
456,0.4401294498381877,0.5,0.5434663723082953,0.49098593056224255,0.492845786963434,0.4829441537378848,0.05085648072405485,-0.007154213036565993,-0.06052221857041051
457,0.4401294498381877,0.5,0.49757051148722364,0.5058188743123149,0.5063593004769475,0.5199732153463362,0.06568942447412718,0.006359300476947549,0.022402703859112583
458,0.4401294498381877,0.5,0.4985425869864429,0.5235871647509579,0.5259340222575517,0.5325290367967443,0.08345771491277021,0.025934022257551703,0.03398644981030147
459,0.4401294498381877,0.5,0.47787889689067853,0.5028735632183908,0.5087440381558028,0.538388175829719,0.06274411338020314,0.008744038155802825,0.060509278939040456
460,0.4401294498381877,0.5,0.49713307796162076,0.44979554747841893,0.45965818759936405,0.5030176504972703,0.009666097640231242,-0.040341812400635946,0.005884572535649557
461,0.4401294498381877,0.5,0.5039585412595831,0.46320921985815605,0.4694952305246423,0.47781253033336424,0.02307977001996836,-0.030504769475357685,-0.02614601092621882
462,0.4401294498381877,0.5,0.5528147927338596,0.5383770208758437,0.5370627980922099,0.5226554589005882,0.09824757103765602,0.037062798092209914,-0.030159333833271407
463,0.4401294498381877,0.5,0.4957853995813339,0.45851296285359944,0.47068759936407,0.5223576369894769,0.018383513015411745,-0.02931240063592999,0.026572237408143018
464,0.4401294498381877,0.5,0.4430792680358868,0.5015514184397163,0.5038751987281399,0.5280256360490816,0.0614219686015286,0.003875198728139906,0.08494636801319477
465,0.4401294498381877,0.5,0.5157509816724675,0.5548316452231044,0.551768680445151,0.5391541413847394,0.11470219538491666,0.05176868044515104,0.023403159712271915
466,0.4401294498381877,0.5,0.4903931488559563,0.4354571229872145,0.44127583465818765,0.49926536061192534,-0.004672326850973185,-0.05872416534181235,0.008872211755969028
467,0.4383116883116883,0.4963235294117647,0.5204379444981129,0.5015514184397163,0.5038751987281399,0.5105651629112573,0.06323973012802797,0.007551669316375187,-0.009872781586855561
468,0.4401294498381877,0.5,0.5488571150528988,0.49098593056224255,0.492845786963434,0.4733413379186038,0.05085648072405485,-0.007154213036565993,-0.07551577713429503
469,0.4383116883116883,0.4963235294117647,0.5038631189896915,0.47575757575757577,0.47933227344992047,0.4955901510072706,0.03744588744588745,-0.016991255961844254,-0.008272967982420887
470,0.4401294498381877,0.5,0.5297644236667829,0.5721023871153292,0.5664745627980922,0.5291018341361182,0.13197293727714154,0.06647456279809216,-0.0006625895306646701
471,0.4383116883116883,0.4963235294117647,0.514926275223539,0.4663189186157384,0.4731717011128776,0.522896839053274,0.028007230304050057,-0.023151828298887123,0.007970563829735045
472,0.4401294498381877,0.5,0.4763955256354495,0.5051320881709574,0.5075516693163752,0.4663997069578038,0.06500263833276976,0.007551669316375187,-0.009995818677645707
473,0.4401294498381877,0.5,0.4374883000373154,0.5058188743123149,0.5063593004769475,0.48765484414501636,0.06568942447412718,0.006359300476947549,0.05016654410770094
474,0.4383116883116883,0.4963235294117647,0.46867790132347575,0.46011497399397755,0.465818759936407,0.45653407528439593,0.02180328568228923,-0.03050476947535774,-0.01214382603907982
475,0.4678742310321258,0.5135135135135135,0.5457712286729479,0.5926856066551562,0.5886327503974562,0.6137134480048329,0.12481137562303046,0.07511923688394273,0.06794221933188493
476,0.4401294498381877,0.5,0.444173693316983,0.4725913143514524,0.48052464228934816,0.5239244962299774,0.032461864513264715,-0.01947535771065184,0.07975080291299441
477,0.4401294498381877,0.5,0.5182163155543754,0.452689099798677,0.46333465818759934,0.5070789285096815,0.012559649960489305,-0.036665341812400665,-0.011137387044693914
478,0.4401294498381877,0.5,0.48445526139687145,0.5169449767314536,0.5173887122416534,0.5501439419271743,0.07681552689326587,0.017388712241653392,0.06568868053030286
479,0.4401294498381877,0.5,0.4590853590550077,0.5283961835529305,0.5284181240063593,0.5447277102674202,0.0882667337147428,0.028418124006359347,0.08564235121241248
480,0.4401294498381877,0.5,0.44531853354188106,0.5701863354037267,0.5677662957074722,0.5585163276894453,0.13005688556553896,0.06776629570747217,0.1131977941475642
481,0.4401294498381877,0.5,0.4610173625762566,0.397212543554007,0.41911764705882354,0.4454099506457213,-0.04291690628418071,-0.08088235294117646,-0.015607411930535275
482,0.4401294498381877,0.5,0.4749742331907938,0.4857255033933479,0.4903616852146264,0.585203566075184,0.04559605355516022,-0.00963831478537358,0.11022933288439019
483,0.4401294498381877,0.5,0.4901294157190494,0.5319264069264069,0.530902225755167,0.5694764752695642,0.09179695708821922,0.03090222575516699,0.07934705955051485
484,0.4401294498381877,0.5,0.4393530653438992,0.5087460245343026,0.5112281399046106,0.4967680798128497,0.06861657469611493,0.011228139904610579,0.05741501446895053
485,0.4401294498381877,0.5,0.49253761745856117,0.4857255033933479,0.4903616852146264,0.5174089820672337,0.04559605355516022,-0.00963831478537358,0.024871364608672564
486,0.4401294498381877,0.5,0.50321688480582,0.46320921985815605,0.4694952305246423,0.4782611920525628,0.02307977001996836,-0.030504769475357685,-0.024955692753257264
487,0.4401294498381877,0.5,0.4723185747810985,0.49098593056224255,0.492845786963434,0.4987346202074857,0.05085648072405485,-0.007154213036565993,0.026416045426387202
488,0.4401294498381877,0.5,0.5111361735560729,0.5015514184397163,0.5038751987281399,0.5091261441835617,0.0614219686015286,0.003875198728139906,-0.0020100293725111573
489,0.4401294498381877,0.5,0.4932441694812601,0.5198133821531921,0.5222575516693164,0.5030923996167683,0.07968393231500437,0.022257551669316422,0.009848230135508229
490,0.4401294498381877,0.5,0.5199152265045165,0.5480463425715584,0.5456081081081081,0.5150195647168104,0.10791689273337068,0.045608108108108114,-0.004895661787706063
491,0.4401294498381877,0.5,0.5433262378947481,0.6495483164522311,0.6377186009538951,0.6248055014259641,0.2094188666140434,0.1377186009538951,0.08147926353121604
492,0.4401294498381877,0.5,0.4986390454294733,0.49249352890422776,0.497714626391097,0.5206140140617106,0.05236407906604007,-0.0022853736089030185,0.0219749686322373
493,0.4401294498381877,0.5,0.4903686743888838,0.5160839160839161,0.5185810810810811,0.5254766707464853,0.07595446624572844,0.01858108108108114,0.03510799635760148
494,0.4401294498381877,0.5,0.5504555120718065,0.4725913143514524,0.48052464228934816,0.4798170181316346,0.032461864513264715,-0.01947535771065184,-0.07063849394017196
495,0.4401294498381877,0.5,0.45452325853368014,0.45310853530031614,0.4535969793322735,0.48132053044317946,0.012979085462128448,-0.0464030206677265,0.02679727190949932
496,0.4401294498381877,0.5,0.5355073841699639,0.5274084866144599,0.529610492845787,0.5263692112540019,0.08727903677627225,0.029610492845786984,-0.009138172915961973
497,0.4401294498381877,0.5,0.5013804534402233,0.5611364789446981,0.5578298887122417,0.5585836458304986,0.1210070291065104,0.057829888712241706,0.05720319239027527
498,0.4383116883116883,0.4963235294117647,0.5129335910658777,0.5028735632183908,0.5087440381558028,0.47693204538323997,0.06456187490670251,0.012420508744038106,-0.03600154568263769
499,0.4383116883116883,0.4963235294117647,0.5796594592883169,0.45396672551222383,0.4584658187599364,0.47223844511807755,0.015655037200535515,-0.0378577106518283,-0.1074210141702393
500,0.4401294498381877,0.5,0.46001840565840935,0.5398936170212766,0.5382551669316376,0.5291606492901515,0.09976416718308889,0.03825516693163755,0.06914224363174215
